{
  "CameraMatrix1": [
    [
      736.4645347084615,
      0.0,
      327.7305739695658
    ],
    [
      0.0,
      736.1675672660243,
      218.7265862494902
    ],
    [
      0.0,
      0.0,
      1.0
    ]
  ],
  "DistCoeffs1": [
    0.27287919530647714,
    -2.333310727436344,
    -0.003457300695014774,
    -0.0002766685456334402,
    5.5051624617864645
  ],
  "CameraMatrix2": [
    [
      734.7932037976144,
      0.0,
      317.6748359986982
    ],
    [
      0.0,
      734.399233491427,
      231.66891887204707
    ],
    [
      0.0,
      0.0,
      1.0
    ]
  ],
  "DistCoeffs2": [
    0.20983974724999457,
    -0.9953102150799654,
    0.0012290972296167442,
    0.00030966002235260264,
    -0.7604808854646937
  ],
  "R": [
    [
      0.8563893247276257,
      0.03245534887938481,
      -0.5153095912378098
    ],
    [
      -0.024324604736176,
      0.9994503690804682,
      0.02252272961575873
    ],
    [
      0.5157573442007297,
      -0.006753523083042369,
      0.8567080902086642
    ]
  ],
  "T": [
    106.49367773994054,
    -1.3418705579386485,
    26.28225042778768
  ],
  "E": [
    [
      -0.05277424199046088,
      -26.2587425365302,
      -1.7415393830775754
    ],
    [
      -32.41705770914466,
      1.5722071177839736,
      -104.77749100063443
    ],
    [
      -1.4412529969407963,
      106.47869639902889,
      1.7070495408190083
    ]
  ],
  "F": [
    [
      2.983146399408739E-08,
      1.484915175039744E-05,
      -0.0025326814644747687
    ],
    [
      1.833407792941909E-05,
      -8.895500624818088E-07,
      0.037827997316906926
    ],
    [
      -0.003658283490212858,
      -0.04875524230126669,
      1.0
    ]
  ],
  "Error": 0.39382767267837104
}