{
  "CameraMatrix1": [
    [
      731.2854653995718,
      0.0,
      316.76812996132287
    ],
    [
      0.0,
      730.8748434963205,
      238.85670385383278
    ],
    [
      0.0,
      0.0,
      1.0
    ]
  ],
  "DistCoeffs1": [
    0.30812950298915004,
    -2.3827044548013654,
    0.003314562816496181,
    0.000791333538528133,
    4.561855298131244
  ],
  "CameraMatrix2": [
    [
      736.8994650453401,
      0.0,
      325.0226128031533
    ],
    [
      0.0,
      737.303743402158,
      219.5981807586328
    ],
    [
      0.0,
      0.0,
      1.0
    ]
  ],
  "DistCoeffs2": [
    0.24100514620850794,
    -1.7878258171726868,
    -0.0028029775904598333,
    0.0017129947507433605,
    2.755779145934358
  ],
  "R": [
    [
      0.8523881512686361,
      0.0362671117572923,
      -0.5216503965124736
    ],
    [
      -0.03589510299302391,
      0.9992969709300118,
      0.010821528137162051
    ],
    [
      0.5216761266896895,
      0.00950055234642992,
      0.8530907093311682
    ]
  ],
  "T": [
    93.69402114882448,
    -1.278761377081449,
    25.49102173489749
  ],
  "E": [
    [
      0.24790356841533268,
      -25.485249744995713,
      -1.3667512591889173
    ],
    [
      -27.149689156342713,
      0.03434078159517551,
      -93.2269005574575
    ],
    [
      -2.2731554928434234,
      93.67452851004629,
      0.34684610674648575
    ]
  ],
  "F": [
    [
      -5.723008774491436E-08,
      5.88673458579639E-06,
      -0.0011572199180843396
    ],
    [
      6.264238689689815E-06,
      -7.927888605517736E-09,
      0.013747687521453384
    ],
    [
      -0.0009703100316607924,
      -0.01785624294884382,
      1.0
    ]
  ],
  "Error": 0.4409407584377889
}