; Circular wound seal — плотнее + крупнее под размер раны (G1-only)
; Центр: (15.0, 15.0). Rmax ~23.0 мм, шаг колец 1.15 мм, спиц слой2: 42
; Наружный охват ~46 мм (при необходимости подвиньте центр в приложении / G92)

G21
G90
M82
G92 E0

G0 F6000 X15.0 Y15.0 Z5

; ----- Layer 1 (Z = 0.20): центр + плотные концентрики -----
G0 F6000 X16.05 Y15 Z0.2
G1 F1500 X16.0237 Y15.2336 E0.0094
G1 F1500 X15.946 Y15.4556 E0.0188
G1 F1500 X15.8209 Y15.6547 E0.0282
G1 F1500 X15.6547 Y15.8209 E0.0376
G1 F1500 X15.4556 Y15.946 E0.0470
G1 F1500 X15.2336 Y16.0237 E0.0564
G1 F1500 X15 Y16.05 E0.0658
G1 F1500 X14.7664 Y16.0237 E0.0752
G1 F1500 X14.5444 Y15.946 E0.0846
G1 F1500 X14.3453 Y15.8209 E0.0941
G1 F1500 X14.1791 Y15.6547 E0.1035
G1 F1500 X14.054 Y15.4556 E0.1129
G1 F1500 X13.9763 Y15.2336 E0.1223
G1 F1500 X13.95 Y15 E0.1317
G1 F1500 X13.9763 Y14.7664 E0.1411
G1 F1500 X14.054 Y14.5444 E0.1505
G1 F1500 X14.1791 Y14.3453 E0.1599
G1 F1500 X14.3453 Y14.1791 E0.1693
G1 F1500 X14.5444 Y14.054 E0.1787
G1 F1500 X14.7664 Y13.9763 E0.1881
G1 F1500 X15 Y13.95 E0.1975
G1 F1500 X15.2336 Y13.9763 E0.2069
G1 F1500 X15.4556 Y14.054 E0.2163
G1 F1500 X15.6547 Y14.1791 E0.2257
G1 F1500 X15.8209 Y14.3453 E0.2351
G1 F1500 X15.946 Y14.5444 E0.2445
G1 F1500 X16.0237 Y14.7664 E0.2539
G1 F1500 X16.05 Y15 E0.2633
G0 F6000 X16.15 Y15 Z0.2
G1 F1500 X16.1212 Y15.2559 E0.2736
G1 F1500 X16.0361 Y15.499 E0.2839
G1 F1500 X15.8991 Y15.717 E0.2942
G1 F1500 X15.717 Y15.8991 E0.3045
G1 F1500 X15.499 Y16.0361 E0.3148
G1 F1500 X15.2559 Y16.1212 E0.3251
G1 F1500 X15 Y16.15 E0.3354
G1 F1500 X14.7441 Y16.1212 E0.3457
G1 F1500 X14.501 Y16.0361 E0.3560
G1 F1500 X14.283 Y15.8991 E0.3663
G1 F1500 X14.1009 Y15.717 E0.3766
G1 F1500 X13.9639 Y15.499 E0.3869
G1 F1500 X13.8788 Y15.2559 E0.3972
G1 F1500 X13.85 Y15 E0.4076
G1 F1500 X13.8788 Y14.7441 E0.4179
G1 F1500 X13.9639 Y14.501 E0.4282
G1 F1500 X14.1009 Y14.283 E0.4385
G1 F1500 X14.283 Y14.1009 E0.4488
G1 F1500 X14.501 Y13.9639 E0.4591
G1 F1500 X14.7441 Y13.8788 E0.4694
G1 F1500 X15 Y13.85 E0.4797
G1 F1500 X15.2559 Y13.8788 E0.4900
G1 F1500 X15.499 Y13.9639 E0.5003
G1 F1500 X15.717 Y14.1009 E0.5106
G1 F1500 X15.8991 Y14.283 E0.5209
G1 F1500 X16.0361 Y14.501 E0.5312
G1 F1500 X16.1212 Y14.7441 E0.5415
G1 F1500 X16.15 Y15 E0.5518
G0 F6000 X17.3 Y15 Z0.2
G1 F1500 X17.2423 Y15.5118 E0.5724
G1 F1500 X17.0722 Y15.9979 E0.5930
G1 F1500 X16.7982 Y16.434 E0.6136
G1 F1500 X16.434 Y16.7982 E0.6342
G1 F1500 X15.9979 Y17.0722 E0.6548
G1 F1500 X15.5118 Y17.2423 E0.6754
G1 F1500 X15 Y17.3 E0.6960
G1 F1500 X14.4882 Y17.2423 E0.7166
G1 F1500 X14.0021 Y17.0722 E0.7372
G1 F1500 X13.566 Y16.7982 E0.7578
G1 F1500 X13.2018 Y16.434 E0.7784
G1 F1500 X12.9278 Y15.9979 E0.7990
G1 F1500 X12.7577 Y15.5118 E0.8196
G1 F1500 X12.7 Y15 E0.8402
G1 F1500 X12.7577 Y14.4882 E0.8608
G1 F1500 X12.9278 Y14.0021 E0.8814
G1 F1500 X13.2018 Y13.566 E0.9020
G1 F1500 X13.566 Y13.2018 E0.9226
G1 F1500 X14.0021 Y12.9278 E0.9432
G1 F1500 X14.4882 Y12.7577 E0.9638
G1 F1500 X15 Y12.7 E0.9844
G1 F1500 X15.5118 Y12.7577 E1.0050
G1 F1500 X15.9979 Y12.9278 E1.0256
G1 F1500 X16.434 Y13.2018 E1.0462
G1 F1500 X16.7982 Y13.566 E1.0668
G1 F1500 X17.0722 Y14.0021 E1.0874
G1 F1500 X17.2423 Y14.4882 E1.1080
G1 F1500 X17.3 Y15 E1.1286
G0 F6000 X18.45 Y15 Z0.2
G1 F1500 X18.3635 Y15.7677 E1.1595
G1 F1500 X18.1083 Y16.4969 E1.1904
G1 F1500 X17.6973 Y17.151 E1.2213
G1 F1500 X17.151 Y17.6973 E1.2522
G1 F1500 X16.4969 Y18.1083 E1.2831
G1 F1500 X15.7677 Y18.3635 E1.3140
G1 F1500 X15 Y18.45 E1.3449
G1 F1500 X14.2323 Y18.3635 E1.3758
G1 F1500 X13.5031 Y18.1083 E1.4067
G1 F1500 X12.849 Y17.6973 E1.4376
G1 F1500 X12.3027 Y17.151 E1.4685
G1 F1500 X11.8917 Y16.4969 E1.4994
G1 F1500 X11.6365 Y15.7677 E1.5303
G1 F1500 X11.55 Y15 E1.5612
G1 F1500 X11.6365 Y14.2323 E1.5921
G1 F1500 X11.8917 Y13.5031 E1.6230
G1 F1500 X12.3027 Y12.849 E1.6539
G1 F1500 X12.849 Y12.3027 E1.6848
G1 F1500 X13.5031 Y11.8917 E1.7157
G1 F1500 X14.2323 Y11.6365 E1.7466
G1 F1500 X15 Y11.55 E1.7775
G1 F1500 X15.7677 Y11.6365 E1.8085
G1 F1500 X16.4969 Y11.8917 E1.8394
G1 F1500 X17.151 Y12.3027 E1.8703
G1 F1500 X17.6973 Y12.849 E1.9012
G1 F1500 X18.1083 Y13.5031 E1.9321
G1 F1500 X18.3635 Y14.2323 E1.9630
G1 F1500 X18.45 Y15 E1.9939
G0 F6000 X19.6 Y15 Z0.2
G1 F1500 X19.5116 Y15.8974 E2.0299
G1 F1500 X19.2498 Y16.7603 E2.0660
G1 F1500 X18.8248 Y17.5556 E2.1021
G1 F1500 X18.2527 Y18.2527 E2.1381
G1 F1500 X17.5556 Y18.8248 E2.1742
G1 F1500 X16.7603 Y19.2498 E2.2103
G1 F1500 X15.8974 Y19.5116 E2.2464
G1 F1500 X15 Y19.6 E2.2824
G1 F1500 X14.1026 Y19.5116 E2.3185
G1 F1500 X13.2397 Y19.2498 E2.3546
G1 F1500 X12.4444 Y18.8248 E2.3906
G1 F1500 X11.7473 Y18.2527 E2.4267
G1 F1500 X11.1752 Y17.5556 E2.4628
G1 F1500 X10.7502 Y16.7603 E2.4988
G1 F1500 X10.4884 Y15.8974 E2.5349
G1 F1500 X10.4 Y15 E2.5710
G1 F1500 X10.4884 Y14.1026 E2.6071
G1 F1500 X10.7502 Y13.2397 E2.6431
G1 F1500 X11.1752 Y12.4444 E2.6792
G1 F1500 X11.7473 Y11.7473 E2.7153
G1 F1500 X12.4444 Y11.1752 E2.7513
G1 F1500 X13.2397 Y10.7502 E2.7874
G1 F1500 X14.1026 Y10.4884 E2.8235
G1 F1500 X15 Y10.4 E2.8596
G1 F1500 X15.8974 Y10.4884 E2.8956
G1 F1500 X16.7603 Y10.7502 E2.9317
G1 F1500 X17.5556 Y11.1752 E2.9678
G1 F1500 X18.2527 Y11.7473 E3.0038
G1 F1500 X18.8248 Y12.4444 E3.0399
G1 F1500 X19.2498 Y13.2397 E3.0760
G1 F1500 X19.5116 Y14.1026 E3.1120
G1 F1500 X19.6 Y15 E3.1481
G0 F6000 X20.75 Y15 Z0.2
G1 F1500 X20.6792 Y15.8995 E3.1842
G1 F1500 X20.4686 Y16.7768 E3.2203
G1 F1500 X20.1233 Y17.6104 E3.2564
G1 F1500 X19.6518 Y18.3798 E3.2925
G1 F1500 X19.0659 Y19.0659 E3.3286
G1 F1500 X18.3798 Y19.6518 E3.3647
G1 F1500 X17.6104 Y20.1233 E3.4008
G1 F1500 X16.7768 Y20.4686 E3.4368
G1 F1500 X15.8995 Y20.6792 E3.4729
G1 F1500 X15 Y20.75 E3.5090
G1 F1500 X14.1005 Y20.6792 E3.5451
G1 F1500 X13.2232 Y20.4686 E3.5812
G1 F1500 X12.3896 Y20.1233 E3.6173
G1 F1500 X11.6202 Y19.6518 E3.6534
G1 F1500 X10.9341 Y19.0659 E3.6895
G1 F1500 X10.3482 Y18.3798 E3.7256
G1 F1500 X9.87671 Y17.6104 E3.7617
G1 F1500 X9.53143 Y16.7768 E3.7978
G1 F1500 X9.32079 Y15.8995 E3.8338
G1 F1500 X9.25 Y15 E3.8699
G1 F1500 X9.32079 Y14.1005 E3.9060
G1 F1500 X9.53143 Y13.2232 E3.9421
G1 F1500 X9.87671 Y12.3896 E3.9782
G1 F1500 X10.3482 Y11.6202 E4.0143
G1 F1500 X10.9341 Y10.9341 E4.0504
G1 F1500 X11.6202 Y10.3482 E4.0865
G1 F1500 X12.3896 Y9.87671 E4.1226
G1 F1500 X13.2232 Y9.53143 E4.1587
G1 F1500 X14.1005 Y9.32079 E4.1948
G1 F1500 X15 Y9.25 E4.2308
G1 F1500 X15.8995 Y9.32079 E4.2669
G1 F1500 X16.7768 Y9.53143 E4.3030
G1 F1500 X17.6104 Y9.87671 E4.3391
G1 F1500 X18.3798 Y10.3482 E4.3752
G1 F1500 X19.0659 Y10.9341 E4.4113
G1 F1500 X19.6518 Y11.6202 E4.4474
G1 F1500 X20.1233 Y12.3896 E4.4835
G1 F1500 X20.4686 Y13.2232 E4.5196
G1 F1500 X20.6792 Y14.1005 E4.5557
G1 F1500 X20.75 Y15 E4.5918
G0 F6000 X21.9 Y15 Z0.2
G1 F1500 X21.841 Y15.9006 E4.6279
G1 F1500 X21.6649 Y16.7859 E4.6640
G1 F1500 X21.3748 Y17.6405 E4.7001
G1 F1500 X20.9756 Y18.45 E4.7362
G1 F1500 X20.4741 Y19.2005 E4.7723
G1 F1500 X19.879 Y19.879 E4.8084
G1 F1500 X19.2005 Y20.4741 E4.8445
G1 F1500 X18.45 Y20.9756 E4.8806
G1 F1500 X17.6405 Y21.3748 E4.9167
G1 F1500 X16.7859 Y21.6649 E4.9528
G1 F1500 X15.9006 Y21.841 E4.9889
G1 F1500 X15 Y21.9 E5.0250
G1 F1500 X14.0994 Y21.841 E5.0611
G1 F1500 X13.2141 Y21.6649 E5.0972
G1 F1500 X12.3595 Y21.3748 E5.1333
G1 F1500 X11.55 Y20.9756 E5.1694
G1 F1500 X10.7995 Y20.4741 E5.2055
G1 F1500 X10.121 Y19.879 E5.2416
G1 F1500 X9.52586 Y19.2005 E5.2777
G1 F1500 X9.02442 Y18.45 E5.3138
G1 F1500 X8.62523 Y17.6405 E5.3499
G1 F1500 X8.33511 Y16.7859 E5.3860
G1 F1500 X8.15903 Y15.9006 E5.4221
G1 F1500 X8.1 Y15 E5.4582
G1 F1500 X8.15903 Y14.0994 E5.4943
G1 F1500 X8.33511 Y13.2141 E5.5304
G1 F1500 X8.62523 Y12.3595 E5.5665
G1 F1500 X9.02442 Y11.55 E5.6026
G1 F1500 X9.52586 Y10.7995 E5.6387
G1 F1500 X10.121 Y10.121 E5.6748
G1 F1500 X10.7995 Y9.52586 E5.7109
G1 F1500 X11.55 Y9.02442 E5.7470
G1 F1500 X12.3595 Y8.62523 E5.7831
G1 F1500 X13.2141 Y8.33511 E5.8192
G1 F1500 X14.0994 Y8.15903 E5.8553
G1 F1500 X15 Y8.1 E5.8915
G1 F1500 X15.9006 Y8.15903 E5.9276
G1 F1500 X16.7859 Y8.33511 E5.9637
G1 F1500 X17.6405 Y8.62523 E5.9998
G1 F1500 X18.45 Y9.02442 E6.0359
G1 F1500 X19.2005 Y9.52586 E6.0720
G1 F1500 X19.879 Y10.121 E6.1081
G1 F1500 X20.4741 Y10.7995 E6.1442
G1 F1500 X20.9756 Y11.55 E6.1803
G1 F1500 X21.3748 Y12.3595 E6.2164
G1 F1500 X21.6649 Y13.2141 E6.2525
G1 F1500 X21.841 Y14.0994 E6.2886
G1 F1500 X21.9 Y15 E6.3247
G0 F6000 X23.05 Y15 Z0.2
G1 F1500 X22.9994 Y15.9013 E6.3608
G1 F1500 X22.8482 Y16.7913 E6.3969
G1 F1500 X22.5983 Y17.6587 E6.4330
G1 F1500 X22.2528 Y18.4928 E6.4691
G1 F1500 X21.8161 Y19.2829 E6.5052
G1 F1500 X21.2937 Y20.0191 E6.5413
G1 F1500 X20.6922 Y20.6922 E6.5774
G1 F1500 X20.0191 Y21.2937 E6.6136
G1 F1500 X19.2829 Y21.8161 E6.6497
G1 F1500 X18.4928 Y22.2528 E6.6858
G1 F1500 X17.6587 Y22.5983 E6.7219
G1 F1500 X16.7913 Y22.8482 E6.7580
G1 F1500 X15.9013 Y22.9994 E6.7941
G1 F1500 X15 Y23.05 E6.8302
G1 F1500 X14.0987 Y22.9994 E6.8663
G1 F1500 X13.2087 Y22.8482 E6.9024
G1 F1500 X12.3413 Y22.5983 E6.9385
G1 F1500 X11.5072 Y22.2528 E6.9747
G1 F1500 X10.7171 Y21.8161 E7.0108
G1 F1500 X9.98091 Y21.2937 E7.0469
G1 F1500 X9.30779 Y20.6922 E7.0830
G1 F1500 X8.70626 Y20.0191 E7.1191
G1 F1500 X8.18387 Y19.2829 E7.1552
G1 F1500 X7.7472 Y18.4928 E7.1913
G1 F1500 X7.40174 Y17.6587 E7.2274
G1 F1500 X7.15183 Y16.7913 E7.2635
G1 F1500 X7.00062 Y15.9013 E7.2996
G1 F1500 X6.95 Y15 E7.3357
G1 F1500 X7.00062 Y14.0987 E7.3719
G1 F1500 X7.15183 Y13.2087 E7.4080
G1 F1500 X7.40174 Y12.3413 E7.4441
G1 F1500 X7.7472 Y11.5072 E7.4802
G1 F1500 X8.18387 Y10.7171 E7.5163
G1 F1500 X8.70626 Y9.98091 E7.5524
G1 F1500 X9.30779 Y9.30779 E7.5885
G1 F1500 X9.98091 Y8.70626 E7.6246
G1 F1500 X10.7171 Y8.18387 E7.6607
G1 F1500 X11.5072 Y7.7472 E7.6968
G1 F1500 X12.3413 Y7.40174 E7.7329
G1 F1500 X13.2087 Y7.15183 E7.7691
G1 F1500 X14.0987 Y7.00062 E7.8052
G1 F1500 X15 Y6.95 E7.8413
G1 F1500 X15.9013 Y7.00062 E7.8774
G1 F1500 X16.7913 Y7.15183 E7.9135
G1 F1500 X17.6587 Y7.40174 E7.9496
G1 F1500 X18.4928 Y7.7472 E7.9857
G1 F1500 X19.2829 Y8.18387 E8.0218
G1 F1500 X20.0191 Y8.70626 E8.0579
G1 F1500 X20.6922 Y9.30779 E8.0940
G1 F1500 X21.2937 Y9.98091 E8.1302
G1 F1500 X21.8161 Y10.7171 E8.1663
G1 F1500 X22.2528 Y11.5072 E8.2024
G1 F1500 X22.5983 Y12.3413 E8.2385
G1 F1500 X22.8482 Y13.2087 E8.2746
G1 F1500 X22.9994 Y14.0987 E8.3107
G1 F1500 X23.05 Y15 E8.3468
G0 F6000 X24.2 Y15 Z0.2
G1 F1500 X24.1557 Y15.9018 E8.3829
G1 F1500 X24.0232 Y16.7948 E8.4190
G1 F1500 X23.8039 Y17.6706 E8.4551
G1 F1500 X23.4997 Y18.5207 E8.4913
G1 F1500 X23.1137 Y19.3368 E8.5274
G1 F1500 X22.6495 Y20.1112 E8.5635
G1 F1500 X22.1117 Y20.8364 E8.5996
G1 F1500 X21.5054 Y21.5054 E8.6357
G1 F1500 X20.8364 Y22.1117 E8.6718
G1 F1500 X20.1112 Y22.6495 E8.7079
G1 F1500 X19.3368 Y23.1137 E8.7441
G1 F1500 X18.5207 Y23.4997 E8.7802
G1 F1500 X17.6706 Y23.8039 E8.8163
G1 F1500 X16.7948 Y24.0232 E8.8524
G1 F1500 X15.9018 Y24.1557 E8.8885
G1 F1500 X15 Y24.2 E8.9246
G1 F1500 X14.0982 Y24.1557 E8.9607
G1 F1500 X13.2052 Y24.0232 E8.9969
G1 F1500 X12.3294 Y23.8039 E9.0330
G1 F1500 X11.4793 Y23.4997 E9.0691
G1 F1500 X10.6632 Y23.1137 E9.1052
G1 F1500 X9.88875 Y22.6495 E9.1413
G1 F1500 X9.16358 Y22.1117 E9.1774
G1 F1500 X8.49462 Y21.5054 E9.2135
G1 F1500 X7.8883 Y20.8364 E9.2497
G1 F1500 X7.35048 Y20.1112 E9.2858
G1 F1500 X6.88632 Y19.3368 E9.3219
G1 F1500 X6.50031 Y18.5207 E9.3580
G1 F1500 X6.19615 Y17.6706 E9.3941
G1 F1500 X5.97678 Y16.7948 E9.4302
G1 F1500 X5.8443 Y15.9018 E9.4663
G1 F1500 X5.8 Y15 E9.5024
G1 F1500 X5.8443 Y14.0982 E9.5386
G1 F1500 X5.97678 Y13.2052 E9.5747
G1 F1500 X6.19615 Y12.3294 E9.6108
G1 F1500 X6.50031 Y11.4793 E9.6469
G1 F1500 X6.88632 Y10.6632 E9.6830
G1 F1500 X7.35048 Y9.88875 E9.7191
G1 F1500 X7.8883 Y9.16358 E9.7552
G1 F1500 X8.49462 Y8.49462 E9.7914
G1 F1500 X9.16358 Y7.8883 E9.8275
G1 F1500 X9.88875 Y7.35048 E9.8636
G1 F1500 X10.6632 Y6.88632 E9.8997
G1 F1500 X11.4793 Y6.50031 E9.9358
G1 F1500 X12.3294 Y6.19615 E9.9719
G1 F1500 X13.2052 Y5.97678 E10.0080
G1 F1500 X14.0982 Y5.8443 E10.0442
G1 F1500 X15 Y5.8 E10.0803
G1 F1500 X15.9018 Y5.8443 E10.1164
G1 F1500 X16.7948 Y5.97678 E10.1525
G1 F1500 X17.6706 Y6.19615 E10.1886
G1 F1500 X18.5207 Y6.50031 E10.2247
G1 F1500 X19.3368 Y6.88632 E10.2608
G1 F1500 X20.1112 Y7.35048 E10.2970
G1 F1500 X20.8364 Y7.8883 E10.3331
G1 F1500 X21.5054 Y8.49462 E10.3692
G1 F1500 X22.1117 Y9.16358 E10.4053
G1 F1500 X22.6495 Y9.88875 E10.4414
G1 F1500 X23.1137 Y10.6632 E10.4775
G1 F1500 X23.4997 Y11.4793 E10.5136
G1 F1500 X23.8039 Y12.3294 E10.5497
G1 F1500 X24.0232 Y13.2052 E10.5859
G1 F1500 X24.1557 Y14.0982 E10.6220
G1 F1500 X24.2 Y15 E10.6581
G0 F6000 X25.35 Y15 Z0.2
G1 F1500 X25.3106 Y15.9021 E10.6942
G1 F1500 X25.1928 Y16.7973 E10.7303
G1 F1500 X24.9973 Y17.6788 E10.7664
G1 F1500 X24.7258 Y18.5399 E10.8026
G1 F1500 X24.3803 Y19.3741 E10.8387
G1 F1500 X23.9634 Y20.175 E10.8748
G1 F1500 X23.4782 Y20.9365 E10.9109
G1 F1500 X22.9286 Y21.6529 E10.9470
G1 F1500 X22.3186 Y22.3186 E10.9831
G1 F1500 X21.6529 Y22.9286 E11.0193
G1 F1500 X20.9365 Y23.4782 E11.0554
G1 F1500 X20.175 Y23.9634 E11.0915
G1 F1500 X19.3741 Y24.3803 E11.1276
G1 F1500 X18.5399 Y24.7258 E11.1637
G1 F1500 X17.6788 Y24.9973 E11.1998
G1 F1500 X16.7973 Y25.1928 E11.2360
G1 F1500 X15.9021 Y25.3106 E11.2721
G1 F1500 X15 Y25.35 E11.3082
G1 F1500 X14.0979 Y25.3106 E11.3443
G1 F1500 X13.2027 Y25.1928 E11.3804
G1 F1500 X12.3212 Y24.9973 E11.4165
G1 F1500 X11.4601 Y24.7258 E11.4527
G1 F1500 X10.6259 Y24.3803 E11.4888
G1 F1500 X9.825 Y23.9634 E11.5249
G1 F1500 X9.06348 Y23.4782 E11.5610
G1 F1500 X8.34715 Y22.9286 E11.5971
G1 F1500 X7.68144 Y22.3186 E11.6332
G1 F1500 X7.07144 Y21.6529 E11.6694
G1 F1500 X6.52178 Y20.9365 E11.7055
G1 F1500 X6.03664 Y20.175 E11.7416
G1 F1500 X5.61971 Y19.3741 E11.7777
G1 F1500 X5.27418 Y18.5399 E11.8138
G1 F1500 X5.00267 Y17.6788 E11.8499
G1 F1500 X4.80724 Y16.7973 E11.8861
G1 F1500 X4.68938 Y15.9021 E11.9222
G1 F1500 X4.65 Y15 E11.9583
G1 F1500 X4.68938 Y14.0979 E11.9944
G1 F1500 X4.80724 Y13.2027 E12.0305
G1 F1500 X5.00267 Y12.3212 E12.0666
G1 F1500 X5.27418 Y11.4601 E12.1028
G1 F1500 X5.61971 Y10.6259 E12.1389
G1 F1500 X6.03664 Y9.825 E12.1750
G1 F1500 X6.52178 Y9.06348 E12.2111
G1 F1500 X7.07144 Y8.34715 E12.2472
G1 F1500 X7.68144 Y7.68144 E12.2833
G1 F1500 X8.34715 Y7.07144 E12.3195
G1 F1500 X9.06348 Y6.52178 E12.3556
G1 F1500 X9.825 Y6.03664 E12.3917
G1 F1500 X10.6259 Y5.61971 E12.4278
G1 F1500 X11.4601 Y5.27418 E12.4639
G1 F1500 X12.3212 Y5.00267 E12.5000
G1 F1500 X13.2027 Y4.80724 E12.5362
G1 F1500 X14.0979 Y4.68938 E12.5723
G1 F1500 X15 Y4.65 E12.6084
G1 F1500 X15.9021 Y4.68938 E12.6445
G1 F1500 X16.7973 Y4.80724 E12.6806
G1 F1500 X17.6788 Y5.00267 E12.7168
G1 F1500 X18.5399 Y5.27418 E12.7529
G1 F1500 X19.3741 Y5.61971 E12.7890
G1 F1500 X20.175 Y6.03664 E12.8251
G1 F1500 X20.9365 Y6.52178 E12.8612
G1 F1500 X21.6529 Y7.07144 E12.8973
G1 F1500 X22.3186 Y7.68144 E12.9335
G1 F1500 X22.9286 Y8.34715 E12.9696
G1 F1500 X23.4782 Y9.06348 E13.0057
G1 F1500 X23.9634 Y9.825 E13.0418
G1 F1500 X24.3803 Y10.6259 E13.0779
G1 F1500 X24.7258 Y11.4601 E13.1140
G1 F1500 X24.9973 Y12.3212 E13.1502
G1 F1500 X25.1928 Y13.2027 E13.1863
G1 F1500 X25.3106 Y14.0979 E13.2224
G1 F1500 X25.35 Y15 E13.2585
G0 F6000 X26.5 Y15 Z0.2
G1 F1500 X26.4645 Y15.9023 E13.2946
G1 F1500 X26.3584 Y16.799 E13.3307
G1 F1500 X26.1823 Y17.6846 E13.3669
G1 F1500 X25.9371 Y18.5537 E13.4030
G1 F1500 X25.6246 Y19.4009 E13.4391
G1 F1500 X25.2466 Y20.2209 E13.4752
G1 F1500 X24.8054 Y21.0087 E13.5113
G1 F1500 X24.3037 Y21.7595 E13.5475
G1 F1500 X23.7447 Y22.4687 E13.5836
G1 F1500 X23.1317 Y23.1317 E13.6197
G1 F1500 X22.4687 Y23.7447 E13.6558
G1 F1500 X21.7595 Y24.3037 E13.6919
G1 F1500 X21.0087 Y24.8054 E13.7281
G1 F1500 X20.2209 Y25.2466 E13.7642
G1 F1500 X19.4009 Y25.6246 E13.8003
G1 F1500 X18.5537 Y25.9371 E13.8364
G1 F1500 X17.6846 Y26.1823 E13.8725
G1 F1500 X16.799 Y26.3584 E13.9086
G1 F1500 X15.9023 Y26.4645 E13.9448
G1 F1500 X15 Y26.5 E13.9809
G1 F1500 X14.0977 Y26.4645 E14.0170
G1 F1500 X13.201 Y26.3584 E14.0531
G1 F1500 X12.3154 Y26.1823 E14.0892
G1 F1500 X11.4463 Y25.9371 E14.1254
G1 F1500 X10.5991 Y25.6246 E14.1615
G1 F1500 X9.77911 Y25.2466 E14.1976
G1 F1500 X8.99127 Y24.8054 E14.2337
G1 F1500 X8.24047 Y24.3037 E14.2698
G1 F1500 X7.53135 Y23.7447 E14.3060
G1 F1500 X6.86827 Y23.1317 E14.3421
G1 F1500 X6.25533 Y22.4687 E14.3782
G1 F1500 X5.6963 Y21.7595 E14.4143
G1 F1500 X5.19464 Y21.0087 E14.4504
G1 F1500 X4.75342 Y20.2209 E14.4866
G1 F1500 X4.37539 Y19.4009 E14.5227
G1 F1500 X4.06285 Y18.5537 E14.5588
G1 F1500 X3.81775 Y17.6846 E14.5949
G1 F1500 X3.64158 Y16.799 E14.6310
G1 F1500 X3.53545 Y15.9023 E14.6671
G1 F1500 X3.5 Y15 E14.7033
G1 F1500 X3.53545 Y14.0977 E14.7394
G1 F1500 X3.64158 Y13.201 E14.7755
G1 F1500 X3.81775 Y12.3154 E14.8116
G1 F1500 X4.06285 Y11.4463 E14.8477
G1 F1500 X4.37539 Y10.5991 E14.8839
G1 F1500 X4.75342 Y9.77911 E14.9200
G1 F1500 X5.19464 Y8.99127 E14.9561
G1 F1500 X5.6963 Y8.24047 E14.9922
G1 F1500 X6.25533 Y7.53135 E15.0283
G1 F1500 X6.86827 Y6.86827 E15.0645
G1 F1500 X7.53135 Y6.25533 E15.1006
G1 F1500 X8.24047 Y5.6963 E15.1367
G1 F1500 X8.99127 Y5.19464 E15.1728
G1 F1500 X9.77911 Y4.75342 E15.2089
G1 F1500 X10.5991 Y4.37539 E15.2451
G1 F1500 X11.4463 Y4.06285 E15.2812
G1 F1500 X12.3154 Y3.81775 E15.3173
G1 F1500 X13.201 Y3.64158 E15.3534
G1 F1500 X14.0977 Y3.53545 E15.3895
G1 F1500 X15 Y3.5 E15.4256
G1 F1500 X15.9023 Y3.53545 E15.4618
G1 F1500 X16.799 Y3.64158 E15.4979
G1 F1500 X17.6846 Y3.81775 E15.5340
G1 F1500 X18.5537 Y4.06285 E15.5701
G1 F1500 X19.4009 Y4.37539 E15.6062
G1 F1500 X20.2209 Y4.75342 E15.6424
G1 F1500 X21.0087 Y5.19464 E15.6785
G1 F1500 X21.7595 Y5.6963 E15.7146
G1 F1500 X22.4687 Y6.25533 E15.7507
G1 F1500 X23.1317 Y6.86827 E15.7868
G1 F1500 X23.7447 Y7.53135 E15.8230
G1 F1500 X24.3037 Y8.24047 E15.8591
G1 F1500 X24.8054 Y8.99127 E15.8952
G1 F1500 X25.2466 Y9.77911 E15.9313
G1 F1500 X25.6246 Y10.5991 E15.9674
G1 F1500 X25.9371 Y11.4463 E16.0035
G1 F1500 X26.1823 Y12.3154 E16.0397
G1 F1500 X26.3584 Y13.201 E16.0758
G1 F1500 X26.4645 Y14.0977 E16.1119
G1 F1500 X26.5 Y15 E16.1480
G0 F6000 X27.65 Y15 Z0.2
G1 F1500 X27.6178 Y15.9024 E16.1841
G1 F1500 X27.5212 Y16.8003 E16.2203
G1 F1500 X27.3609 Y17.689 E16.2564
G1 F1500 X27.1376 Y18.5639 E16.2925
G1 F1500 X26.8524 Y19.4207 E16.3286
G1 F1500 X26.5068 Y20.255 E16.3647
G1 F1500 X26.1026 Y21.0625 E16.4009
G1 F1500 X25.6419 Y21.8391 E16.4370
G1 F1500 X25.1268 Y22.5809 E16.4731
G1 F1500 X24.5602 Y23.284 E16.5092
G1 F1500 X23.9449 Y23.9449 E16.5454
G1 F1500 X23.284 Y24.5602 E16.5815
G1 F1500 X22.5809 Y25.1268 E16.6176
G1 F1500 X21.8391 Y25.6419 E16.6537
G1 F1500 X21.0625 Y26.1026 E16.6898
G1 F1500 X20.255 Y26.5068 E16.7260
G1 F1500 X19.4207 Y26.8524 E16.7621
G1 F1500 X18.5639 Y27.1376 E16.7982
G1 F1500 X17.689 Y27.3609 E16.8343
G1 F1500 X16.8003 Y27.5212 E16.8704
G1 F1500 X15.9024 Y27.6178 E16.9066
G1 F1500 X15 Y27.65 E16.9427
G1 F1500 X14.0976 Y27.6178 E16.9788
G1 F1500 X13.1997 Y27.5212 E17.0149
G1 F1500 X12.311 Y27.3609 E17.0510
G1 F1500 X11.4361 Y27.1376 E17.0872
G1 F1500 X10.5793 Y26.8524 E17.1233
G1 F1500 X9.745 Y26.5068 E17.1594
G1 F1500 X8.9375 Y26.1026 E17.1955
G1 F1500 X8.16089 Y25.6419 E17.2316
G1 F1500 X7.41914 Y25.1268 E17.2678
G1 F1500 X6.71601 Y24.5602 E17.3039
G1 F1500 X6.0551 Y23.9449 E17.3400
G1 F1500 X5.43977 Y23.284 E17.3761
G1 F1500 X4.87315 Y22.5809 E17.4122
G1 F1500 X4.35814 Y21.8391 E17.4484
G1 F1500 X3.89736 Y21.0625 E17.4845
G1 F1500 X3.49316 Y20.255 E17.5206
G1 F1500 X3.14759 Y19.4207 E17.5567
G1 F1500 X2.86241 Y18.5639 E17.5929
G1 F1500 X2.63909 Y17.689 E17.6290
G1 F1500 X2.47876 Y16.8003 E17.6651
G1 F1500 X2.38223 Y15.9024 E17.7012
G1 F1500 X2.35 Y15 E17.7373
G1 F1500 X2.38223 Y14.0976 E17.7735
G1 F1500 X2.47876 Y13.1997 E17.8096
G1 F1500 X2.63909 Y12.311 E17.8457
G1 F1500 X2.86241 Y11.4361 E17.8818
G1 F1500 X3.14759 Y10.5793 E17.9179
G1 F1500 X3.49316 Y9.745 E17.9541
G1 F1500 X3.89736 Y8.9375 E17.9902
G1 F1500 X4.35814 Y8.16089 E18.0263
G1 F1500 X4.87315 Y7.41914 E18.0624
G1 F1500 X5.43977 Y6.71601 E18.0985
G1 F1500 X6.0551 Y6.0551 E18.1347
G1 F1500 X6.71601 Y5.43977 E18.1708
G1 F1500 X7.41914 Y4.87315 E18.2069
G1 F1500 X8.16089 Y4.35814 E18.2430
G1 F1500 X8.9375 Y3.89736 E18.2791
G1 F1500 X9.745 Y3.49316 E18.3153
G1 F1500 X10.5793 Y3.14759 E18.3514
G1 F1500 X11.4361 Y2.86241 E18.3875
G1 F1500 X12.311 Y2.63909 E18.4236
G1 F1500 X13.1997 Y2.47876 E18.4597
G1 F1500 X14.0976 Y2.38223 E18.4959
G1 F1500 X15 Y2.35 E18.5320
G1 F1500 X15.9024 Y2.38223 E18.5681
G1 F1500 X16.8003 Y2.47876 E18.6042
G1 F1500 X17.689 Y2.63909 E18.6404
G1 F1500 X18.5639 Y2.86241 E18.6765
G1 F1500 X19.4207 Y3.14759 E18.7126
G1 F1500 X20.255 Y3.49316 E18.7487
G1 F1500 X21.0625 Y3.89736 E18.7848
G1 F1500 X21.8391 Y4.35814 E18.8210
G1 F1500 X22.5809 Y4.87315 E18.8571
G1 F1500 X23.284 Y5.43977 E18.8932
G1 F1500 X23.9449 Y6.0551 E18.9293
G1 F1500 X24.5602 Y6.71601 E18.9654
G1 F1500 X25.1268 Y7.41914 E19.0016
G1 F1500 X25.6419 Y8.16089 E19.0377
G1 F1500 X26.1026 Y8.9375 E19.0738
G1 F1500 X26.5068 Y9.745 E19.1099
G1 F1500 X26.8524 Y10.5793 E19.1460
G1 F1500 X27.1376 Y11.4361 E19.1822
G1 F1500 X27.3609 Y12.311 E19.2183
G1 F1500 X27.5212 Y13.1997 E19.2544
G1 F1500 X27.6178 Y14.0976 E19.2905
G1 F1500 X27.65 Y15 E19.3266
G0 F6000 X28.8 Y15 Z0.2
G1 F1500 X28.7705 Y15.9026 E19.3628
G1 F1500 X28.6819 Y16.8013 E19.3989
G1 F1500 X28.5348 Y17.6922 E19.4350
G1 F1500 X28.3298 Y18.5717 E19.4711
G1 F1500 X28.0676 Y19.4359 E19.5073
G1 F1500 X27.7495 Y20.281 E19.5434
G1 F1500 X27.3768 Y21.1036 E19.5795
G1 F1500 X26.9512 Y21.9 E19.6156
G1 F1500 X26.4743 Y22.6669 E19.6517
G1 F1500 X25.9483 Y23.4009 E19.6879
G1 F1500 X25.3754 Y24.099 E19.7240
G1 F1500 X24.7581 Y24.7581 E19.7601
G1 F1500 X24.099 Y25.3754 E19.7962
G1 F1500 X23.4009 Y25.9483 E19.8323
G1 F1500 X22.6669 Y26.4743 E19.8685
G1 F1500 X21.9 Y26.9512 E19.9046
G1 F1500 X21.1036 Y27.3768 E19.9407
G1 F1500 X20.281 Y27.7495 E19.9768
G1 F1500 X19.4359 Y28.0676 E20.0130
G1 F1500 X18.5717 Y28.3298 E20.0491
G1 F1500 X17.6922 Y28.5348 E20.0852
G1 F1500 X16.8013 Y28.6819 E20.1213
G1 F1500 X15.9026 Y28.7705 E20.1574
G1 F1500 X15 Y28.8 E20.1936
G1 F1500 X14.0974 Y28.7705 E20.2297
G1 F1500 X13.1987 Y28.6819 E20.2658
G1 F1500 X12.3078 Y28.5348 E20.3019
G1 F1500 X11.4283 Y28.3298 E20.3381
G1 F1500 X10.5641 Y28.0676 E20.3742
G1 F1500 X9.71897 Y27.7495 E20.4103
G1 F1500 X8.89642 Y27.3768 E20.4464
G1 F1500 X8.1 Y26.9512 E20.4825
G1 F1500 X7.33313 Y26.4743 E20.5187
G1 F1500 X6.59909 Y25.9483 E20.5548
G1 F1500 X5.90103 Y25.3754 E20.5909
G1 F1500 X5.24193 Y24.7581 E20.6270
G1 F1500 X4.62461 Y24.099 E20.6632
G1 F1500 X4.05172 Y23.4009 E20.6993
G1 F1500 X3.52572 Y22.6669 E20.7354
G1 F1500 X3.04885 Y21.9 E20.7715
G1 F1500 X2.62316 Y21.1036 E20.8076
G1 F1500 X2.25046 Y20.281 E20.8438
G1 F1500 X1.93236 Y19.4359 E20.8799
G1 F1500 X1.67022 Y18.5717 E20.9160
G1 F1500 X1.46516 Y17.6922 E20.9521
G1 F1500 X1.31806 Y16.8013 E20.9882
G1 F1500 X1.22955 Y15.9026 E21.0244
G1 F1500 X1.2 Y15 E21.0605
G1 F1500 X1.22955 Y14.0974 E21.0966
G1 F1500 X1.31806 Y13.1987 E21.1327
G1 F1500 X1.46516 Y12.3078 E21.1689
G1 F1500 X1.67022 Y11.4283 E21.2050
G1 F1500 X1.93236 Y10.5641 E21.2411
G1 F1500 X2.25046 Y9.71897 E21.2772
G1 F1500 X2.62316 Y8.89642 E21.3133
G1 F1500 X3.04885 Y8.1 E21.3495
G1 F1500 X3.52572 Y7.33313 E21.3856
G1 F1500 X4.05172 Y6.59909 E21.4217
G1 F1500 X4.62461 Y5.90103 E21.4578
G1 F1500 X5.24193 Y5.24193 E21.4940
G1 F1500 X5.90103 Y4.62461 E21.5301
G1 F1500 X6.59909 Y4.05172 E21.5662
G1 F1500 X7.33313 Y3.52572 E21.6023
G1 F1500 X8.1 Y3.04885 E21.6384
G1 F1500 X8.89642 Y2.62316 E21.6746
G1 F1500 X9.71897 Y2.25046 E21.7107
G1 F1500 X10.5641 Y1.93236 E21.7468
G1 F1500 X11.4283 Y1.67022 E21.7829
G1 F1500 X12.3078 Y1.46516 E21.8191
G1 F1500 X13.1987 Y1.31806 E21.8552
G1 F1500 X14.0974 Y1.22955 E21.8913
G1 F1500 X15 Y1.2 E21.9274
G1 F1500 X15.9026 Y1.22955 E21.9635
G1 F1500 X16.8013 Y1.31806 E21.9997
G1 F1500 X17.6922 Y1.46516 E22.0358
G1 F1500 X18.5717 Y1.67022 E22.0719
G1 F1500 X19.4359 Y1.93236 E22.1080
G1 F1500 X20.281 Y2.25046 E22.1441
G1 F1500 X21.1036 Y2.62316 E22.1803
G1 F1500 X21.9 Y3.04885 E22.2164
G1 F1500 X22.6669 Y3.52572 E22.2525
G1 F1500 X23.4009 Y4.05172 E22.2886
G1 F1500 X24.099 Y4.62461 E22.3248
G1 F1500 X24.7581 Y5.24193 E22.3609
G1 F1500 X25.3754 Y5.90103 E22.3970
G1 F1500 X25.9483 Y6.59909 E22.4331
G1 F1500 X26.4743 Y7.33313 E22.4692
G1 F1500 X26.9512 Y8.1 E22.5054
G1 F1500 X27.3768 Y8.89642 E22.5415
G1 F1500 X27.7495 Y9.71897 E22.5776
G1 F1500 X28.0676 Y10.5641 E22.6137
G1 F1500 X28.3298 Y11.4283 E22.6499
G1 F1500 X28.5348 Y12.3078 E22.6860
G1 F1500 X28.6819 Y13.1987 E22.7221
G1 F1500 X28.7705 Y14.0974 E22.7582
G1 F1500 X28.8 Y15 E22.7943
G0 F6000 X29.95 Y15 Z0.2
G1 F1500 X29.9227 Y15.9027 E22.8305
G1 F1500 X29.841 Y16.802 E22.8666
G1 F1500 X29.7051 Y17.6948 E22.9027
G1 F1500 X29.5156 Y18.5778 E22.9388
G1 F1500 X29.2731 Y19.4477 E22.9750
G1 F1500 X28.9785 Y20.3013 E23.0111
G1 F1500 X28.6329 Y21.1357 E23.0472
G1 F1500 X28.2376 Y21.9476 E23.0833
G1 F1500 X27.7939 Y22.7342 E23.1194
G1 F1500 X27.3036 Y23.4926 E23.1556
G1 F1500 X26.7684 Y24.2199 E23.1917
G1 F1500 X26.1902 Y24.9137 E23.2278
G1 F1500 X25.5712 Y25.5712 E23.2639
G1 F1500 X24.9137 Y26.1902 E23.3001
G1 F1500 X24.2199 Y26.7684 E23.3362
G1 F1500 X23.4926 Y27.3036 E23.3723
G1 F1500 X22.7342 Y27.7939 E23.4084
G1 F1500 X21.9476 Y28.2376 E23.4446
G1 F1500 X21.1357 Y28.6329 E23.4807
G1 F1500 X20.3013 Y28.9785 E23.5168
G1 F1500 X19.4477 Y29.2731 E23.5529
G1 F1500 X18.5778 Y29.5156 E23.5890
G1 F1500 X17.6948 Y29.7051 E23.6252
G1 F1500 X16.802 Y29.841 E23.6613
G1 F1500 X15.9027 Y29.9227 E23.6974
G1 F1500 X15 Y29.95 E23.7335
G1 F1500 X14.0973 Y29.9227 E23.7697
G1 F1500 X13.198 Y29.841 E23.8058
G1 F1500 X12.3052 Y29.7051 E23.8419
G1 F1500 X11.4222 Y29.5156 E23.8780
G1 F1500 X10.5523 Y29.2731 E23.9141
G1 F1500 X9.69866 Y28.9785 E23.9503
G1 F1500 X8.86433 Y28.6329 E23.9864
G1 F1500 X8.05239 Y28.2376 E24.0225
G1 F1500 X7.2658 Y27.7939 E24.0586
G1 F1500 X6.50743 Y27.3036 E24.0948
G1 F1500 X5.78005 Y26.7684 E24.1309
G1 F1500 X5.08632 Y26.1902 E24.1670
G1 F1500 X4.42875 Y25.5712 E24.2031
G1 F1500 X3.80976 Y24.9137 E24.2393
G1 F1500 X3.23161 Y24.2199 E24.2754
G1 F1500 X2.69639 Y23.4926 E24.3115
G1 F1500 X2.20607 Y22.7342 E24.3476
G1 F1500 X1.76243 Y21.9476 E24.3837
G1 F1500 X1.3671 Y21.1357 E24.4199
G1 F1500 X1.02151 Y20.3013 E24.4560
G1 F1500 X0.726923 Y19.4477 E24.4921
G1 F1500 X0.48442 Y18.5778 E24.5282
G1 F1500 X0.294882 Y17.6948 E24.5644
G1 F1500 X0.159002 Y16.802 E24.6005
G1 F1500 X0.0772755 Y15.9027 E24.6366
G1 F1500 X0.05 Y15 E24.6727
G1 F1500 X0.0772755 Y14.0973 E24.7089
G1 F1500 X0.159002 Y13.198 E24.7450
G1 F1500 X0.294882 Y12.3052 E24.7811
G1 F1500 X0.48442 Y11.4222 E24.8172
G1 F1500 X0.726923 Y10.5523 E24.8533
G1 F1500 X1.02151 Y9.69866 E24.8895
G1 F1500 X1.3671 Y8.86433 E24.9256
G1 F1500 X1.76243 Y8.05239 E24.9617
G1 F1500 X2.20607 Y7.2658 E24.9978
G1 F1500 X2.69639 Y6.50743 E25.0340
G1 F1500 X3.23161 Y5.78005 E25.0701
G1 F1500 X3.80976 Y5.08632 E25.1062
G1 F1500 X4.42875 Y4.42875 E25.1423
G1 F1500 X5.08632 Y3.80976 E25.1784
G1 F1500 X5.78005 Y3.23161 E25.2146
G1 F1500 X6.50743 Y2.69639 E25.2507
G1 F1500 X7.2658 Y2.20607 E25.2868
G1 F1500 X8.05239 Y1.76243 E25.3229
G1 F1500 X8.86433 Y1.3671 E25.3591
G1 F1500 X9.69866 Y1.02151 E25.3952
G1 F1500 X10.5523 Y0.726923 E25.4313
G1 F1500 X11.4222 Y0.48442 E25.4674
G1 F1500 X12.3052 Y0.294882 E25.5036
G1 F1500 X13.198 Y0.159002 E25.5397
G1 F1500 X14.0973 Y0.0772755 E25.5758
G1 F1500 X15 Y0.05 E25.6119
G1 F1500 X15.9027 Y0.0772755 E25.6480
G1 F1500 X16.802 Y0.159002 E25.6842
G1 F1500 X17.6948 Y0.294882 E25.7203
G1 F1500 X18.5778 Y0.48442 E25.7564
G1 F1500 X19.4477 Y0.726923 E25.7925
G1 F1500 X20.3013 Y1.02151 E25.8287
G1 F1500 X21.1357 Y1.3671 E25.8648
G1 F1500 X21.9476 Y1.76243 E25.9009
G1 F1500 X22.7342 Y2.20607 E25.9370
G1 F1500 X23.4926 Y2.69639 E25.9732
G1 F1500 X24.2199 Y3.23161 E26.0093
G1 F1500 X24.9137 Y3.80976 E26.0454
G1 F1500 X25.5712 Y4.42875 E26.0815
G1 F1500 X26.1902 Y5.08632 E26.1176
G1 F1500 X26.7684 Y5.78005 E26.1538
G1 F1500 X27.3036 Y6.50743 E26.1899
G1 F1500 X27.7939 Y7.2658 E26.2260
G1 F1500 X28.2376 Y8.05239 E26.2621
G1 F1500 X28.6329 Y8.86433 E26.2983
G1 F1500 X28.9785 Y9.69866 E26.3344
G1 F1500 X29.2731 Y10.5523 E26.3705
G1 F1500 X29.5156 Y11.4222 E26.4066
G1 F1500 X29.7051 Y12.3052 E26.4427
G1 F1500 X29.841 Y13.198 E26.4789
G1 F1500 X29.9227 Y14.0973 E26.5150
G1 F1500 X29.95 Y15 E26.5511
G0 F6000 X31.1 Y15 Z0.2
G1 F1500 X31.0747 Y15.9027 E26.5872
G1 F1500 X30.9988 Y16.8026 E26.6234
G1 F1500 X30.8725 Y17.6969 E26.6595
G1 F1500 X30.6963 Y18.5826 E26.6956
G1 F1500 X30.4708 Y19.4571 E26.7317
G1 F1500 X30.1965 Y20.3175 E26.7679
G1 F1500 X29.8745 Y21.1612 E26.8040
G1 F1500 X29.5056 Y21.9855 E26.8401
G1 F1500 X29.0911 Y22.7879 E26.8762
G1 F1500 X28.6323 Y23.5657 E26.9124
G1 F1500 X28.1305 Y24.3166 E26.9485
G1 F1500 X27.5875 Y25.0382 E26.9846
G1 F1500 X27.0048 Y25.7282 E27.0207
G1 F1500 X26.3844 Y26.3844 E27.0568
G1 F1500 X25.7282 Y27.0048 E27.0930
G1 F1500 X25.0382 Y27.5875 E27.1291
G1 F1500 X24.3166 Y28.1305 E27.1652
G1 F1500 X23.5657 Y28.6323 E27.2013
G1 F1500 X22.7879 Y29.0911 E27.2375
G1 F1500 X21.9855 Y29.5056 E27.2736
G1 F1500 X21.1612 Y29.8745 E27.3097
G1 F1500 X20.3175 Y30.1965 E27.3458
G1 F1500 X19.4571 Y30.4708 E27.3820
G1 F1500 X18.5826 Y30.6963 E27.4181
G1 F1500 X17.6969 Y30.8725 E27.4542
G1 F1500 X16.8026 Y30.9988 E27.4903
G1 F1500 X15.9027 Y31.0747 E27.5265
G1 F1500 X15 Y31.1 E27.5626
G1 F1500 X14.0973 Y31.0747 E27.5987
G1 F1500 X13.1974 Y30.9988 E27.6348
G1 F1500 X12.3031 Y30.8725 E27.6709
G1 F1500 X11.4174 Y30.6963 E27.7071
G1 F1500 X10.5429 Y30.4708 E27.7432
G1 F1500 X9.68251 Y30.1965 E27.7793
G1 F1500 X8.8388 Y29.8745 E27.8154
G1 F1500 X8.01447 Y29.5056 E27.8516
G1 F1500 X7.21213 Y29.0911 E27.8877
G1 F1500 X6.43428 Y28.6323 E27.9238
G1 F1500 X5.68339 Y28.1305 E27.9599
G1 F1500 X4.96181 Y27.5875 E27.9961
G1 F1500 X4.27182 Y27.0048 E28.0322
G1 F1500 X3.61558 Y26.3844 E28.0683
G1 F1500 X2.99516 Y25.7282 E28.1044
G1 F1500 X2.41251 Y25.0382 E28.1406
G1 F1500 X1.86947 Y24.3166 E28.1767
G1 F1500 X1.36774 Y23.5657 E28.2128
G1 F1500 X0.908903 Y22.7879 E28.2489
G1 F1500 X0.494401 Y21.9855 E28.2850
G1 F1500 X0.12554 Y21.1612 E28.3212
G1 F1500 X-0.196522 Y20.3175 E28.3573
G1 F1500 X-0.470769 Y19.4571 E28.3934
G1 F1500 X-0.696339 Y18.5826 E28.4295
G1 F1500 X-0.872523 Y17.6969 E28.4657
G1 F1500 X-0.998767 Y16.8026 E28.5018
G1 F1500 X-1.07467 Y15.9027 E28.5379
G1 F1500 X-1.1 Y15 E28.5740
G1 F1500 X-1.07467 Y14.0973 E28.6102
G1 F1500 X-0.998767 Y13.1974 E28.6463
G1 F1500 X-0.872523 Y12.3031 E28.6824
G1 F1500 X-0.696339 Y11.4174 E28.7185
G1 F1500 X-0.470769 Y10.5429 E28.7547
G1 F1500 X-0.196522 Y9.68251 E28.7908
G1 F1500 X0.12554 Y8.8388 E28.8269
G1 F1500 X0.494401 Y8.01447 E28.8630
G1 F1500 X0.908903 Y7.21213 E28.8991
G1 F1500 X1.36774 Y6.43428 E28.9353
G1 F1500 X1.86947 Y5.68339 E28.9714
G1 F1500 X2.41251 Y4.96181 E29.0075
G1 F1500 X2.99516 Y4.27182 E29.0436
G1 F1500 X3.61558 Y3.61558 E29.0798
G1 F1500 X4.27182 Y2.99516 E29.1159
G1 F1500 X4.96181 Y2.41251 E29.1520
G1 F1500 X5.68339 Y1.86947 E29.1881
G1 F1500 X6.43428 Y1.36774 E29.2243
G1 F1500 X7.21213 Y0.908903 E29.2604
G1 F1500 X8.01447 Y0.494401 E29.2965
G1 F1500 X8.8388 Y0.12554 E29.3326
G1 F1500 X9.68251 Y-0.196522 E29.3688
G1 F1500 X10.5429 Y-0.470769 E29.4049
G1 F1500 X11.4174 Y-0.696339 E29.4410
G1 F1500 X12.3031 Y-0.872523 E29.4771
G1 F1500 X13.1974 Y-0.998767 E29.5132
G1 F1500 X14.0973 Y-1.07467 E29.5494
G1 F1500 X15 Y-1.1 E29.5855
G1 F1500 X15.9027 Y-1.07467 E29.6216
G1 F1500 X16.8026 Y-0.998767 E29.6577
G1 F1500 X17.6969 Y-0.872523 E29.6939
G1 F1500 X18.5826 Y-0.696339 E29.7300
G1 F1500 X19.4571 Y-0.470769 E29.7661
G1 F1500 X20.3175 Y-0.196522 E29.8022
G1 F1500 X21.1612 Y0.12554 E29.8384
G1 F1500 X21.9855 Y0.494401 E29.8745
G1 F1500 X22.7879 Y0.908903 E29.9106
G1 F1500 X23.5657 Y1.36774 E29.9467
G1 F1500 X24.3166 Y1.86947 E29.9829
G1 F1500 X25.0382 Y2.41251 E30.0190
G1 F1500 X25.7282 Y2.99516 E30.0551
G1 F1500 X26.3844 Y3.61558 E30.0912
G1 F1500 X27.0048 Y4.27182 E30.1273
G1 F1500 X27.5875 Y4.96181 E30.1635
G1 F1500 X28.1305 Y5.68339 E30.1996
G1 F1500 X28.6323 Y6.43428 E30.2357
G1 F1500 X29.0911 Y7.21213 E30.2718
G1 F1500 X29.5056 Y8.01447 E30.3080
G1 F1500 X29.8745 Y8.8388 E30.3441
G1 F1500 X30.1965 Y9.68251 E30.3802
G1 F1500 X30.4708 Y10.5429 E30.4163
G1 F1500 X30.6963 Y11.4174 E30.4525
G1 F1500 X30.8725 Y12.3031 E30.4886
G1 F1500 X30.9988 Y13.1974 E30.5247
G1 F1500 X31.0747 Y14.0973 E30.5608
G1 F1500 X31.1 Y15 E30.5970
G0 F6000 X32.25 Y15 Z0.2
G1 F1500 X32.2264 Y15.9028 E30.6331
G1 F1500 X32.1555 Y16.8031 E30.6692
G1 F1500 X32.0376 Y17.6985 E30.7053
G1 F1500 X31.873 Y18.5865 E30.7415
G1 F1500 X31.6622 Y19.4646 E30.7776
G1 F1500 X31.4057 Y20.3305 E30.8137
G1 F1500 X31.1043 Y21.1818 E30.8498
G1 F1500 X30.7587 Y22.0162 E30.8859
G1 F1500 X30.3699 Y22.8313 E30.9221
G1 F1500 X29.9389 Y23.625 E30.9582
G1 F1500 X29.4671 Y24.395 E30.9943
G1 F1500 X28.9555 Y25.1393 E31.0304
G1 F1500 X28.4058 Y25.8558 E31.0666
G1 F1500 X27.8192 Y26.5425 E31.1027
G1 F1500 X27.1976 Y27.1976 E31.1388
G1 F1500 X26.5425 Y27.8192 E31.1749
G1 F1500 X25.8558 Y28.4058 E31.2111
G1 F1500 X25.1393 Y28.9555 E31.2472
G1 F1500 X24.395 Y29.4671 E31.2833
G1 F1500 X23.625 Y29.9389 E31.3194
G1 F1500 X22.8313 Y30.3699 E31.3556
G1 F1500 X22.0162 Y30.7587 E31.3917
G1 F1500 X21.1818 Y31.1043 E31.4278
G1 F1500 X20.3305 Y31.4057 E31.4639
G1 F1500 X19.4646 Y31.6622 E31.5001
G1 F1500 X18.5865 Y31.873 E31.5362
G1 F1500 X17.6985 Y32.0376 E31.5723
G1 F1500 X16.8031 Y32.1555 E31.6084
G1 F1500 X15.9028 Y32.2264 E31.6446
G1 F1500 X15 Y32.25 E31.6807
G1 F1500 X14.0972 Y32.2264 E31.7168
G1 F1500 X13.1969 Y32.1555 E31.7529
G1 F1500 X12.3015 Y32.0376 E31.7891
G1 F1500 X11.4135 Y31.873 E31.8252
G1 F1500 X10.5354 Y31.6622 E31.8613
G1 F1500 X9.66946 Y31.4057 E31.8974
G1 F1500 X8.81815 Y31.1043 E31.9336
G1 F1500 X7.98379 Y30.7587 E31.9697
G1 F1500 X7.16866 Y30.3699 E32.0058
G1 F1500 X6.375 Y29.9389 E32.0419
G1 F1500 X5.60498 Y29.4671 E32.0780
G1 F1500 X4.8607 Y28.9555 E32.1142
G1 F1500 X4.14422 Y28.4058 E32.1503
G1 F1500 X3.4575 Y27.8192 E32.1864
G1 F1500 X2.80241 Y27.1976 E32.2225
G1 F1500 X2.18075 Y26.5425 E32.2587
G1 F1500 X1.59423 Y25.8558 E32.2948
G1 F1500 X1.04446 Y25.1393 E32.3309
G1 F1500 X0.532933 Y24.395 E32.3670
G1 F1500 X0.0610618 Y23.625 E32.4032
G1 F1500 X-0.369863 Y22.8313 E32.4393
G1 F1500 X-0.758659 Y22.0162 E32.4754
G1 F1500 X-1.10426 Y21.1818 E32.5115
G1 F1500 X-1.40572 Y20.3305 E32.5477
G1 F1500 X-1.66222 Y19.4646 E32.5838
G1 F1500 X-1.87305 Y18.5865 E32.6199
G1 F1500 X-2.03762 Y17.6985 E32.6560
G1 F1500 X-2.1555 Y16.8031 E32.6922
G1 F1500 X-2.22636 Y15.9028 E32.7283
G1 F1500 X-2.25 Y15 E32.7644
G1 F1500 X-2.22636 Y14.0972 E32.8005
G1 F1500 X-2.1555 Y13.1969 E32.8367
G1 F1500 X-2.03762 Y12.3015 E32.8728
G1 F1500 X-1.87305 Y11.4135 E32.9089
G1 F1500 X-1.66222 Y10.5354 E32.9450
G1 F1500 X-1.40572 Y9.66946 E32.9812
G1 F1500 X-1.10426 Y8.81815 E33.0173
G1 F1500 X-0.758659 Y7.98379 E33.0534
G1 F1500 X-0.369863 Y7.16866 E33.0895
G1 F1500 X0.0610618 Y6.375 E33.1256
G1 F1500 X0.532933 Y5.60498 E33.1618
G1 F1500 X1.04446 Y4.8607 E33.1979
G1 F1500 X1.59423 Y4.14422 E33.2340
G1 F1500 X2.18075 Y3.4575 E33.2701
G1 F1500 X2.80241 Y2.80241 E33.3063
G1 F1500 X3.4575 Y2.18075 E33.3424
G1 F1500 X4.14422 Y1.59423 E33.3785
G1 F1500 X4.8607 Y1.04446 E33.4146
G1 F1500 X5.60498 Y0.532933 E33.4508
G1 F1500 X6.375 Y0.0610618 E33.4869
G1 F1500 X7.16866 Y-0.369863 E33.5230
G1 F1500 X7.98379 Y-0.758659 E33.5591
G1 F1500 X8.81815 Y-1.10426 E33.5953
G1 F1500 X9.66946 Y-1.40572 E33.6314
G1 F1500 X10.5354 Y-1.66222 E33.6675
G1 F1500 X11.4135 Y-1.87305 E33.7036
G1 F1500 X12.3015 Y-2.03762 E33.7398
G1 F1500 X13.1969 Y-2.1555 E33.7759
G1 F1500 X14.0972 Y-2.22636 E33.8120
G1 F1500 X15 Y-2.25 E33.8481
G1 F1500 X15.9028 Y-2.22636 E33.8843
G1 F1500 X16.8031 Y-2.1555 E33.9204
G1 F1500 X17.6985 Y-2.03762 E33.9565
G1 F1500 X18.5865 Y-1.87305 E33.9926
G1 F1500 X19.4646 Y-1.66222 E34.0288
G1 F1500 X20.3305 Y-1.40572 E34.0649
G1 F1500 X21.1818 Y-1.10426 E34.1010
G1 F1500 X22.0162 Y-0.758659 E34.1371
G1 F1500 X22.8313 Y-0.369863 E34.1733
G1 F1500 X23.625 Y0.0610618 E34.2094
G1 F1500 X24.395 Y0.532933 E34.2455
G1 F1500 X25.1393 Y1.04446 E34.2816
G1 F1500 X25.8558 Y1.59423 E34.3177
G1 F1500 X26.5425 Y2.18075 E34.3539
G1 F1500 X27.1976 Y2.80241 E34.3900
G1 F1500 X27.8192 Y3.4575 E34.4261
G1 F1500 X28.4058 Y4.14422 E34.4622
G1 F1500 X28.9555 Y4.8607 E34.4984
G1 F1500 X29.4671 Y5.60498 E34.5345
G1 F1500 X29.9389 Y6.375 E34.5706
G1 F1500 X30.3699 Y7.16866 E34.6067
G1 F1500 X30.7587 Y7.98379 E34.6429
G1 F1500 X31.1043 Y8.81815 E34.6790
G1 F1500 X31.4057 Y9.66946 E34.7151
G1 F1500 X31.6622 Y10.5354 E34.7512
G1 F1500 X31.873 Y11.4135 E34.7874
G1 F1500 X32.0376 Y12.3015 E34.8235
G1 F1500 X32.1555 Y13.1969 E34.8596
G1 F1500 X32.2264 Y14.0972 E34.8957
G1 F1500 X32.25 Y15 E34.9319
G0 F6000 X33.4 Y15 Z0.2
G1 F1500 X33.3778 Y15.9028 E34.9680
G1 F1500 X33.3114 Y16.8035 E35.0041
G1 F1500 X33.2008 Y17.6998 E35.0402
G1 F1500 X33.0464 Y18.5897 E35.0764
G1 F1500 X32.8486 Y19.4708 E35.1125
G1 F1500 X32.6077 Y20.3412 E35.1486
G1 F1500 X32.3244 Y21.1988 E35.1847
G1 F1500 X31.9994 Y22.0414 E35.2209
G1 F1500 X31.6334 Y22.867 E35.2570
G1 F1500 X31.2274 Y23.6737 E35.2931
G1 F1500 X30.7822 Y24.4595 E35.3292
G1 F1500 X30.299 Y25.2225 E35.3654
G1 F1500 X29.779 Y25.9609 E35.4015
G1 F1500 X29.2234 Y26.6728 E35.4376
G1 F1500 X28.6335 Y27.3567 E35.4737
G1 F1500 X28.0108 Y28.0108 E35.5099
G1 F1500 X27.3567 Y28.6335 E35.5460
G1 F1500 X26.6728 Y29.2234 E35.5821
G1 F1500 X25.9609 Y29.779 E35.6182
G1 F1500 X25.2225 Y30.299 E35.6544
G1 F1500 X24.4595 Y30.7822 E35.6905
G1 F1500 X23.6737 Y31.2274 E35.7266
G1 F1500 X22.867 Y31.6334 E35.7627
G1 F1500 X22.0414 Y31.9994 E35.7989
G1 F1500 X21.1988 Y32.3244 E35.8350
G1 F1500 X20.3412 Y32.6077 E35.8711
G1 F1500 X19.4708 Y32.8486 E35.9072
G1 F1500 X18.5897 Y33.0464 E35.9433
G1 F1500 X17.6998 Y33.2008 E35.9795
G1 F1500 X16.8035 Y33.3114 E36.0156
G1 F1500 X15.9028 Y33.3778 E36.0517
G1 F1500 X15 Y33.4 E36.0878
G1 F1500 X14.0972 Y33.3778 E36.1240
G1 F1500 X13.1965 Y33.3114 E36.1601
G1 F1500 X12.3002 Y33.2008 E36.1962
G1 F1500 X11.4103 Y33.0464 E36.2323
G1 F1500 X10.5292 Y32.8486 E36.2685
G1 F1500 X9.65876 Y32.6077 E36.3046
G1 F1500 X8.80123 Y32.3244 E36.3407
G1 F1500 X7.95862 Y31.9994 E36.3768
G1 F1500 X7.13299 Y31.6334 E36.4130
G1 F1500 X6.3263 Y31.2274 E36.4491
G1 F1500 X5.54051 Y30.7822 E36.4852
G1 F1500 X4.77751 Y30.299 E36.5213
G1 F1500 X4.03913 Y29.779 E36.5575
G1 F1500 X3.32716 Y29.2234 E36.5936
G1 F1500 X2.64332 Y28.6335 E36.6297
G1 F1500 X1.98924 Y28.0108 E36.6658
G1 F1500 X1.3665 Y27.3567 E36.7020
G1 F1500 X0.776608 Y26.6728 E36.7381
G1 F1500 X0.220981 Y25.9609 E36.7742
G1 F1500 X-0.299041 Y25.2225 E36.8103
G1 F1500 X-0.782206 Y24.4595 E36.8465
G1 F1500 X-1.22735 Y23.6737 E36.8826
G1 F1500 X-1.6334 Y22.867 E36.9187
G1 F1500 X-1.99938 Y22.0414 E36.9548
G1 F1500 X-2.32441 Y21.1988 E36.9910
G1 F1500 X-2.6077 Y20.3412 E37.0271
G1 F1500 X-2.84858 Y19.4708 E37.0632
G1 F1500 X-3.04645 Y18.5897 E37.0993
G1 F1500 X-3.20085 Y17.6998 E37.1355
G1 F1500 X-3.3114 Y16.8035 E37.1716
G1 F1500 X-3.37784 Y15.9028 E37.2077
G1 F1500 X-3.4 Y15 E37.2438
G1 F1500 X-3.37784 Y14.0972 E37.2800
G1 F1500 X-3.3114 Y13.1965 E37.3161
G1 F1500 X-3.20085 Y12.3002 E37.3522
G1 F1500 X-3.04645 Y11.4103 E37.3883
G1 F1500 X-2.84858 Y10.5292 E37.4245
G1 F1500 X-2.6077 Y9.65876 E37.4606
G1 F1500 X-2.32441 Y8.80123 E37.4967
G1 F1500 X-1.99938 Y7.95862 E37.5328
G1 F1500 X-1.6334 Y7.13299 E37.5690
G1 F1500 X-1.22735 Y6.3263 E37.6051
G1 F1500 X-0.782206 Y5.54051 E37.6412
G1 F1500 X-0.299041 Y4.77751 E37.6773
G1 F1500 X0.220981 Y4.03913 E37.7135
G1 F1500 X0.776608 Y3.32716 E37.7496
G1 F1500 X1.3665 Y2.64332 E37.7857
G1 F1500 X1.98924 Y1.98924 E37.8218
G1 F1500 X2.64332 Y1.3665 E37.8580
G1 F1500 X3.32716 Y0.776608 E37.8941
G1 F1500 X4.03913 Y0.220981 E37.9302
G1 F1500 X4.77751 Y-0.299041 E37.9663
G1 F1500 X5.54051 Y-0.782206 E38.0025
G1 F1500 X6.3263 Y-1.22735 E38.0386
G1 F1500 X7.13299 Y-1.6334 E38.0747
G1 F1500 X7.95862 Y-1.99938 E38.1108
G1 F1500 X8.80123 Y-2.32441 E38.1470
G1 F1500 X9.65876 Y-2.6077 E38.1831
G1 F1500 X10.5292 Y-2.84858 E38.2192
G1 F1500 X11.4103 Y-3.04645 E38.2553
G1 F1500 X12.3002 Y-3.20085 E38.2915
G1 F1500 X13.1965 Y-3.3114 E38.3276
G1 F1500 X14.0972 Y-3.37784 E38.3637
G1 F1500 X15 Y-3.4 E38.3998
G1 F1500 X15.9028 Y-3.37784 E38.4360
G1 F1500 X16.8035 Y-3.3114 E38.4721
G1 F1500 X17.6998 Y-3.20085 E38.5082
G1 F1500 X18.5897 Y-3.04645 E38.5443
G1 F1500 X19.4708 Y-2.84858 E38.5805
G1 F1500 X20.3412 Y-2.6077 E38.6166
G1 F1500 X21.1988 Y-2.32441 E38.6527
G1 F1500 X22.0414 Y-1.99938 E38.6888
G1 F1500 X22.867 Y-1.6334 E38.7250
G1 F1500 X23.6737 Y-1.22735 E38.7611
G1 F1500 X24.4595 Y-0.782206 E38.7972
G1 F1500 X25.2225 Y-0.299041 E38.8333
G1 F1500 X25.9609 Y0.220981 E38.8694
G1 F1500 X26.6728 Y0.776608 E38.9056
G1 F1500 X27.3567 Y1.3665 E38.9417
G1 F1500 X28.0108 Y1.98924 E38.9778
G1 F1500 X28.6335 Y2.64332 E39.0139
G1 F1500 X29.2234 Y3.32716 E39.0501
G1 F1500 X29.779 Y4.03913 E39.0862
G1 F1500 X30.299 Y4.77751 E39.1223
G1 F1500 X30.7822 Y5.54051 E39.1584
G1 F1500 X31.2274 Y6.3263 E39.1946
G1 F1500 X31.6334 Y7.13299 E39.2307
G1 F1500 X31.9994 Y7.95862 E39.2668
G1 F1500 X32.3244 Y8.80123 E39.3029
G1 F1500 X32.6077 Y9.65876 E39.3391
G1 F1500 X32.8486 Y10.5292 E39.3752
G1 F1500 X33.0464 Y11.4103 E39.4113
G1 F1500 X33.2008 Y12.3002 E39.4474
G1 F1500 X33.3114 Y13.1965 E39.4836
G1 F1500 X33.3778 Y14.0972 E39.5197
G1 F1500 X33.4 Y15 E39.5558
G0 F6000 X34.55 Y15 Z0.2
G1 F1500 X34.5291 Y15.9029 E39.5919
G1 F1500 X34.4666 Y16.8038 E39.6281
G1 F1500 X34.3625 Y17.701 E39.6642
G1 F1500 X34.2171 Y18.5923 E39.7003
G1 F1500 X34.0307 Y19.476 E39.7364
G1 F1500 X33.8037 Y20.3501 E39.7726
G1 F1500 X33.5365 Y21.2128 E39.8087
G1 F1500 X33.2298 Y22.0623 E39.8448
G1 F1500 X32.8842 Y22.8967 E39.8809
G1 F1500 X32.5004 Y23.7142 E39.9171
G1 F1500 X32.0793 Y24.5131 E39.9532
G1 F1500 X31.6217 Y25.2917 E39.9893
G1 F1500 X31.1287 Y26.0484 E40.0254
G1 F1500 X30.6012 Y26.7815 E40.0616
G1 F1500 X30.0405 Y27.4895 E40.0977
G1 F1500 X29.4476 Y28.1707 E40.1338
G1 F1500 X28.8239 Y28.8239 E40.1699
G1 F1500 X28.1707 Y29.4476 E40.2061
G1 F1500 X27.4895 Y30.0405 E40.2422
G1 F1500 X26.7815 Y30.6012 E40.2783
G1 F1500 X26.0484 Y31.1287 E40.3144
G1 F1500 X25.2917 Y31.6217 E40.3506
G1 F1500 X24.5131 Y32.0793 E40.3867
G1 F1500 X23.7142 Y32.5004 E40.4228
G1 F1500 X22.8967 Y32.8842 E40.4589
G1 F1500 X22.0623 Y33.2298 E40.4951
G1 F1500 X21.2128 Y33.5365 E40.5312
G1 F1500 X20.3501 Y33.8037 E40.5673
G1 F1500 X19.476 Y34.0307 E40.6034
G1 F1500 X18.5923 Y34.2171 E40.6396
G1 F1500 X17.701 Y34.3625 E40.6757
G1 F1500 X16.8038 Y34.4666 E40.7118
G1 F1500 X15.9029 Y34.5291 E40.7479
G1 F1500 X15 Y34.55 E40.7841
G1 F1500 X14.0971 Y34.5291 E40.8202
G1 F1500 X13.1962 Y34.4666 E40.8563
G1 F1500 X12.299 Y34.3625 E40.8924
G1 F1500 X11.4077 Y34.2171 E40.9286
G1 F1500 X10.524 Y34.0307 E40.9647
G1 F1500 X9.64989 Y33.8037 E41.0008
G1 F1500 X8.78718 Y33.5365 E41.0369
G1 F1500 X7.93773 Y33.2298 E41.0731
G1 F1500 X7.10334 Y32.8842 E41.1092
G1 F1500 X6.28582 Y32.5004 E41.1453
G1 F1500 X5.48688 Y32.0793 E41.1814
G1 F1500 X4.70825 Y31.6217 E41.2176
G1 F1500 X3.95158 Y31.1287 E41.2537
G1 F1500 X3.21849 Y30.6012 E41.2898
G1 F1500 X2.51054 Y30.0405 E41.3259
G1 F1500 X1.82925 Y29.4476 E41.3621
G1 F1500 X1.17606 Y28.8239 E41.3982
G1 F1500 X0.552376 Y28.1707 E41.4343
G1 F1500 X-0.0404791 Y27.4895 E41.4704
G1 F1500 X-0.601237 Y26.7815 E41.5066
G1 F1500 X-1.1287 Y26.0484 E41.5427
G1 F1500 X-1.62175 Y25.2917 E41.5788
G1 F1500 X-2.07932 Y24.5131 E41.6149
G1 F1500 X-2.50044 Y23.7142 E41.6511
G1 F1500 X-2.88422 Y22.8967 E41.6872
G1 F1500 X-3.22983 Y22.0623 E41.7233
G1 F1500 X-3.53654 Y21.2128 E41.7595
G1 F1500 X-3.80369 Y20.3501 E41.7956
G1 F1500 X-4.03071 Y19.476 E41.8317
G1 F1500 X-4.21712 Y18.5923 E41.8678
G1 F1500 X-4.36252 Y17.701 E41.9040
G1 F1500 X-4.4666 Y16.8038 E41.9401
G1 F1500 X-4.52914 Y15.9029 E41.9762
G1 F1500 X-4.55 Y15 E42.0123
G1 F1500 X-4.52914 Y14.0971 E42.0485
G1 F1500 X-4.4666 Y13.1962 E42.0846
G1 F1500 X-4.36252 Y12.299 E42.1207
G1 F1500 X-4.21712 Y11.4077 E42.1568
G1 F1500 X-4.03071 Y10.524 E42.1930
G1 F1500 X-3.80369 Y9.64989 E42.2291
G1 F1500 X-3.53654 Y8.78718 E42.2652
G1 F1500 X-3.22983 Y7.93773 E42.3013
G1 F1500 X-2.88422 Y7.10334 E42.3375
G1 F1500 X-2.50044 Y6.28582 E42.3736
G1 F1500 X-2.07932 Y5.48688 E42.4097
G1 F1500 X-1.62175 Y4.70825 E42.4458
G1 F1500 X-1.1287 Y3.95158 E42.4820
G1 F1500 X-0.601237 Y3.21849 E42.5181
G1 F1500 X-0.0404791 Y2.51054 E42.5542
G1 F1500 X0.552376 Y1.82925 E42.5903
G1 F1500 X1.17606 Y1.17606 E42.6265
G1 F1500 X1.82925 Y0.552376 E42.6626
G1 F1500 X2.51054 Y-0.0404791 E42.6987
G1 F1500 X3.21849 Y-0.601237 E42.7348
G1 F1500 X3.95158 Y-1.1287 E42.7710
G1 F1500 X4.70825 Y-1.62175 E42.8071
G1 F1500 X5.48688 Y-2.07932 E42.8432
G1 F1500 X6.28582 Y-2.50044 E42.8793
G1 F1500 X7.10334 Y-2.88422 E42.9155
G1 F1500 X7.93773 Y-3.22983 E42.9516
G1 F1500 X8.78718 Y-3.53654 E42.9877
G1 F1500 X9.64989 Y-3.80369 E43.0238
G1 F1500 X10.524 Y-4.03071 E43.0600
G1 F1500 X11.4077 Y-4.21712 E43.0961
G1 F1500 X12.299 Y-4.36252 E43.1322
G1 F1500 X13.1962 Y-4.4666 E43.1683
G1 F1500 X14.0971 Y-4.52914 E43.2045
G1 F1500 X15 Y-4.55 E43.2406
G1 F1500 X15.9029 Y-4.52914 E43.2767
G1 F1500 X16.8038 Y-4.4666 E43.3128
G1 F1500 X17.701 Y-4.36252 E43.3490
G1 F1500 X18.5923 Y-4.21712 E43.3851
G1 F1500 X19.476 Y-4.03071 E43.4212
G1 F1500 X20.3501 Y-3.80369 E43.4573
G1 F1500 X21.2128 Y-3.53654 E43.4935
G1 F1500 X22.0623 Y-3.22983 E43.5296
G1 F1500 X22.8967 Y-2.88422 E43.5657
G1 F1500 X23.7142 Y-2.50044 E43.6018
G1 F1500 X24.5131 Y-2.07932 E43.6380
G1 F1500 X25.2917 Y-1.62175 E43.6741
G1 F1500 X26.0484 Y-1.1287 E43.7102
G1 F1500 X26.7815 Y-0.601237 E43.7463
G1 F1500 X27.4895 Y-0.0404791 E43.7825
G1 F1500 X28.1707 Y0.552376 E43.8186
G1 F1500 X28.8239 Y1.17606 E43.8547
G1 F1500 X29.4476 Y1.82925 E43.8908
G1 F1500 X30.0405 Y2.51054 E43.9270
G1 F1500 X30.6012 Y3.21849 E43.9631
G1 F1500 X31.1287 Y3.95158 E43.9992
G1 F1500 X31.6217 Y4.70825 E44.0353
G1 F1500 X32.0793 Y5.48688 E44.0715
G1 F1500 X32.5004 Y6.28582 E44.1076
G1 F1500 X32.8842 Y7.10334 E44.1437
G1 F1500 X33.2298 Y7.93773 E44.1798
G1 F1500 X33.5365 Y8.78718 E44.2160
G1 F1500 X33.8037 Y9.64989 E44.2521
G1 F1500 X34.0307 Y10.524 E44.2882
G1 F1500 X34.2171 Y11.4077 E44.3243
G1 F1500 X34.3625 Y12.299 E44.3605
G1 F1500 X34.4666 Y13.1962 E44.3966
G1 F1500 X34.5291 Y14.0971 E44.4327
G1 F1500 X34.55 Y15 E44.4688
G0 F6000 X35.7 Y15 Z0.2
G1 F1500 X35.6806 Y15.8967 E44.5047
G1 F1500 X35.6223 Y16.7917 E44.5406
G1 F1500 X35.5253 Y17.6834 E44.5765
G1 F1500 X35.3898 Y18.57 E44.6123
G1 F1500 X35.216 Y19.4499 E44.6482
G1 F1500 X35.0043 Y20.3214 E44.6841
G1 F1500 X34.755 Y21.183 E44.7200
G1 F1500 X34.4686 Y22.033 E44.7558
G1 F1500 X34.1457 Y22.8697 E44.7917
G1 F1500 X33.7868 Y23.6917 E44.8276
G1 F1500 X33.3927 Y24.4974 E44.8635
G1 F1500 X32.964 Y25.2852 E44.8993
G1 F1500 X32.5016 Y26.0537 E44.9352
G1 F1500 X32.0063 Y26.8015 E44.9711
G1 F1500 X31.4791 Y27.5271 E45.0070
G1 F1500 X30.921 Y28.2292 E45.0429
G1 F1500 X30.333 Y28.9065 E45.0787
G1 F1500 X29.7162 Y29.5576 E45.1146
G1 F1500 X29.0717 Y30.1814 E45.1505
G1 F1500 X28.4009 Y30.7768 E45.1864
G1 F1500 X27.7049 Y31.3425 E45.2222
G1 F1500 X26.985 Y31.8775 E45.2581
G1 F1500 X26.2427 Y32.3808 E45.2940
G1 F1500 X25.4792 Y32.8515 E45.3299
G1 F1500 X24.6961 Y33.2887 E45.3657
G1 F1500 X23.8947 Y33.6916 E45.4016
G1 F1500 X23.0767 Y34.0593 E45.4375
G1 F1500 X22.2435 Y34.3913 E45.4734
G1 F1500 X21.3967 Y34.6869 E45.5092
G1 F1500 X20.5378 Y34.9455 E45.5451
G1 F1500 X19.6686 Y35.1667 E45.5810
G1 F1500 X18.7906 Y35.35 E45.6169
G1 F1500 X17.9056 Y35.4951 E45.6528
G1 F1500 X17.015 Y35.6017 E45.6886
G1 F1500 X16.1207 Y35.6696 E45.7245
G1 F1500 X15.2242 Y35.6988 E45.7604
G1 F1500 X14.3274 Y35.6891 E45.7963
G1 F1500 X13.4318 Y35.6405 E45.8321
G1 F1500 X12.5391 Y35.5532 E45.8680
G1 F1500 X11.6511 Y35.4273 E45.9039
G1 F1500 X10.7694 Y35.2631 E45.9398
G1 F1500 X9.89557 Y35.0608 E45.9756
G1 F1500 X9.03135 Y34.8208 E46.0115
G1 F1500 X8.17834 Y34.5437 E46.0474
G1 F1500 X7.33814 Y34.2298 E46.0833
G1 F1500 X6.51232 Y33.8799 E46.1191
G1 F1500 X5.70244 Y33.4945 E46.1550
G1 F1500 X4.91001 Y33.0743 E46.1909
G1 F1500 X4.13652 Y32.6203 E46.2268
G1 F1500 X3.38343 Y32.1332 E46.2627
G1 F1500 X2.65214 Y31.6139 E46.2985
G1 F1500 X1.94404 Y31.0634 E46.3344
G1 F1500 X1.26045 Y30.4827 E46.3703
G1 F1500 X0.602659 Y29.873 E46.4062
G1 F1500 X-0.0281067 Y29.2354 E46.4420
G1 F1500 X-0.630659 Y28.571 E46.4779
G1 F1500 X-1.20387 Y27.8812 E46.5138
G1 F1500 X-1.74665 Y27.1672 E46.5497
G1 F1500 X-2.258 Y26.4303 E46.5855
G1 F1500 X-2.73694 Y25.672 E46.6214
G1 F1500 X-3.18259 Y24.8936 E46.6573
G1 F1500 X-3.5941 Y24.0967 E46.6932
G1 F1500 X-3.9707 Y23.2827 E46.7290
G1 F1500 X-4.31169 Y22.4531 E46.7649
G1 F1500 X-4.61642 Y21.6095 E46.8008
G1 F1500 X-4.88432 Y20.7536 E46.8367
G1 F1500 X-5.1149 Y19.8868 E46.8725
G1 F1500 X-5.30771 Y19.0109 E46.9084
G1 F1500 X-5.46239 Y18.1274 E46.9443
G1 F1500 X-5.57866 Y17.2381 E46.9802
G1 F1500 X-5.65629 Y16.3445 E47.0161
G1 F1500 X-5.69514 Y15.4485 E47.0519
G1 F1500 X-5.69514 Y14.5515 E47.0878
G1 F1500 X-5.65629 Y13.6555 E47.1237
G1 F1500 X-5.57866 Y12.7619 E47.1596
G1 F1500 X-5.46239 Y11.8726 E47.1954
G1 F1500 X-5.30771 Y10.9891 E47.2313
G1 F1500 X-5.1149 Y10.1132 E47.2672
G1 F1500 X-4.88432 Y9.24642 E47.3031
G1 F1500 X-4.61642 Y8.39046 E47.3389
G1 F1500 X-4.31169 Y7.5469 E47.3748
G1 F1500 X-3.9707 Y6.71734 E47.4107
G1 F1500 X-3.5941 Y5.90333 E47.4466
G1 F1500 X-3.18259 Y5.1064 E47.4824
G1 F1500 X-2.73694 Y4.32804 E47.5183
G1 F1500 X-2.258 Y3.56971 E47.5542
G1 F1500 X-1.74665 Y2.83285 E47.5901
G1 F1500 X-1.20387 Y2.11882 E47.6260
G1 F1500 X-0.630659 Y1.42898 E47.6618
G1 F1500 X-0.0281067 Y0.764621 E47.6977
G1 F1500 X0.602659 Y0.126985 E47.7336
G1 F1500 X1.26045 Y-0.482729 E47.7695
G1 F1500 X1.94404 Y-1.06337 E47.8053
G1 F1500 X2.65214 Y-1.61386 E47.8412
G1 F1500 X3.38343 Y-2.13316 E47.8771
G1 F1500 X4.13652 Y-2.62029 E47.9130
G1 F1500 X4.91001 Y-3.07435 E47.9488
G1 F1500 X5.70244 Y-3.49447 E47.9847
G1 F1500 X6.51232 Y-3.87986 E48.0206
G1 F1500 X7.33814 Y-4.22982 E48.0565
G1 F1500 X8.17834 Y-4.54367 E48.0923
G1 F1500 X9.03135 Y-4.82083 E48.1282
G1 F1500 X9.89557 Y-5.06078 E48.1641
G1 F1500 X10.7694 Y-5.26306 E48.2000
G1 F1500 X11.6511 Y-5.42731 E48.2358
G1 F1500 X12.5391 Y-5.5532 E48.2717
G1 F1500 X13.4318 Y-5.64051 E48.3076
G1 F1500 X14.3274 Y-5.68907 E48.3435
G1 F1500 X15.2242 Y-5.69879 E48.3794
G1 F1500 X16.1207 Y-5.66964 E48.4152
G1 F1500 X17.015 Y-5.60169 E48.4511
G1 F1500 X17.9056 Y-5.49507 E48.4870
G1 F1500 X18.7906 Y-5.34996 E48.5229
G1 F1500 X19.6686 Y-5.16665 E48.5587
G1 F1500 X20.5378 Y-4.94548 E48.5946
G1 F1500 X21.3967 Y-4.68687 E48.6305
G1 F1500 X22.2435 Y-4.39129 E48.6664
G1 F1500 X23.0767 Y-4.05931 E48.7022
G1 F1500 X23.8947 Y-3.69155 E48.7381
G1 F1500 X24.6961 Y-3.2887 E48.7740
G1 F1500 X25.4792 Y-2.85151 E48.8099
G1 F1500 X26.2427 Y-2.38081 E48.8457
G1 F1500 X26.985 Y-1.87747 E48.8816
G1 F1500 X27.7049 Y-1.34246 E48.9175
G1 F1500 X28.4009 Y-0.776755 E48.9534
G1 F1500 X29.0717 Y-0.181435 E48.9893
G1 F1500 X29.7162 Y0.442386 E49.0251
G1 F1500 X30.333 Y1.09354 E49.0610
G1 F1500 X30.921 Y1.7708 E49.0969
G1 F1500 X31.4791 Y2.47289 E49.1328
G1 F1500 X32.0063 Y3.19851 E49.1686
G1 F1500 X32.5016 Y3.94628 E49.2045
G1 F1500 X32.964 Y4.7148 E49.2404
G1 F1500 X33.3927 Y5.50263 E49.2763
G1 F1500 X33.7868 Y6.3083 E49.3121
G1 F1500 X34.1457 Y7.13028 E49.3480
G1 F1500 X34.4686 Y7.96703 E49.3839
G1 F1500 X34.755 Y8.81699 E49.4198
G1 F1500 X35.0043 Y9.67856 E49.4556
G1 F1500 X35.216 Y10.5501 E49.4915
G1 F1500 X35.3898 Y11.43 E49.5274
G1 F1500 X35.5253 Y12.3166 E49.5633
G1 F1500 X35.6223 Y13.2083 E49.5992
G1 F1500 X35.6806 Y14.1033 E49.6350
G1 F1500 X35.7 Y15 E49.6709
G0 F6000 X36.85 Y15 Z0.2
G1 F1500 X36.8316 Y15.8971 E49.7068
G1 F1500 X36.7763 Y16.7926 E49.7427
G1 F1500 X36.6844 Y17.6851 E49.7786
G1 F1500 X36.5559 Y18.5731 E49.8145
G1 F1500 X36.391 Y19.4551 E49.8504
G1 F1500 X36.1901 Y20.3295 E49.8862
G1 F1500 X35.9534 Y21.195 E49.9221
G1 F1500 X35.6814 Y22.05 E49.9580
G1 F1500 X35.3745 Y22.8931 E49.9939
G1 F1500 X35.0333 Y23.723 E50.0298
G1 F1500 X34.6583 Y24.5381 E50.0657
G1 F1500 X34.2501 Y25.3371 E50.1016
G1 F1500 X33.8095 Y26.1187 E50.1375
G1 F1500 X33.3372 Y26.8815 E50.1734
G1 F1500 X32.8339 Y27.6244 E50.2092
G1 F1500 X32.3006 Y28.3459 E50.2451
G1 F1500 X31.7381 Y29.0449 E50.2810
G1 F1500 X31.1473 Y29.7202 E50.3169
G1 F1500 X30.5294 Y30.3708 E50.3528
G1 F1500 X29.8853 Y30.9954 E50.3887
G1 F1500 X29.216 Y31.593 E50.4246
G1 F1500 X28.5228 Y32.1626 E50.4605
G1 F1500 X27.8068 Y32.7034 E50.4964
G1 F1500 X27.0692 Y33.2142 E50.5323
G1 F1500 X26.3112 Y33.6944 E50.5681
G1 F1500 X25.5342 Y34.143 E50.6040
G1 F1500 X24.7394 Y34.5593 E50.6399
G1 F1500 X23.9282 Y34.9427 E50.6758
G1 F1500 X23.1019 Y35.2924 E50.7117
G1 F1500 X22.262 Y35.6079 E50.7476
G1 F1500 X21.4098 Y35.8887 E50.7835
G1 F1500 X20.5468 Y36.1342 E50.8194
G1 F1500 X19.6744 Y36.3441 E50.8553
G1 F1500 X18.7942 Y36.518 E50.8912
G1 F1500 X17.9076 Y36.6557 E50.9270
G1 F1500 X17.0161 Y36.7568 E50.9629
G1 F1500 X16.1211 Y36.8212 E50.9988
G1 F1500 X15.2243 Y36.8488 E51.0347
G1 F1500 X14.3271 Y36.8396 E51.0706
G1 F1500 X13.4311 Y36.7936 E51.1065
G1 F1500 X12.5377 Y36.7108 E51.1424
G1 F1500 X11.6484 Y36.5914 E51.1783
G1 F1500 X10.7648 Y36.4356 E51.2142
G1 F1500 X9.88831 Y36.2437 E51.2500
G1 F1500 X9.02046 Y36.0159 E51.2859
G1 F1500 X8.1627 Y35.7527 E51.3218
G1 F1500 X7.31646 Y35.4545 E51.3577
G1 F1500 X6.48318 Y35.1218 E51.3936
G1 F1500 X5.66426 Y34.7552 E51.4295
G1 F1500 X4.86108 Y34.3552 E51.4654
G1 F1500 X4.075 Y33.9227 E51.5013
G1 F1500 X3.30734 Y33.4582 E51.5372
G1 F1500 X2.5594 Y32.9626 E51.5731
G1 F1500 X1.83243 Y32.4367 E51.6089
G1 F1500 X1.12767 Y31.8814 E51.6448
G1 F1500 X0.446302 Y31.2976 E51.6807
G1 F1500 X-0.210527 Y30.6864 E51.7166
G1 F1500 X-0.841707 Y30.0487 E51.7525
G1 F1500 X-1.44617 Y29.3856 E51.7884
G1 F1500 X-2.02291 Y28.6983 E51.8243
G1 F1500 X-2.57094 Y27.9879 E51.8602
G1 F1500 X-3.08934 Y27.2555 E51.8961
G1 F1500 X-3.57724 Y26.5025 E51.9320
G1 F1500 X-4.03382 Y25.7302 E51.9678
G1 F1500 X-4.4583 Y24.9397 E52.0037
G1 F1500 X-4.84997 Y24.1324 E52.0396
G1 F1500 X-5.20816 Y23.3098 E52.0755
G1 F1500 X-5.53228 Y22.4731 E52.1114
G1 F1500 X-5.82178 Y21.6239 E52.1473
G1 F1500 X-6.07617 Y20.7635 E52.1832
G1 F1500 X-6.29502 Y19.8933 E52.2191
G1 F1500 X-6.47796 Y19.0149 E52.2550
G1 F1500 X-6.62469 Y18.1298 E52.2908
G1 F1500 X-6.73495 Y17.2393 E52.3267
G1 F1500 X-6.80856 Y16.3451 E52.3626
G1 F1500 X-6.84539 Y15.4486 E52.3985
G1 F1500 X-6.84539 Y14.5514 E52.4344
G1 F1500 X-6.80856 Y13.6549 E52.4703
G1 F1500 X-6.73495 Y12.7607 E52.5062
G1 F1500 X-6.62469 Y11.8702 E52.5421
G1 F1500 X-6.47796 Y10.9851 E52.5780
G1 F1500 X-6.29502 Y10.1067 E52.6139
G1 F1500 X-6.07617 Y9.23654 E52.6497
G1 F1500 X-5.82178 Y8.37611 E52.6856
G1 F1500 X-5.53228 Y7.52686 E52.7215
G1 F1500 X-5.20816 Y6.69021 E52.7574
G1 F1500 X-4.84997 Y5.86757 E52.7933
G1 F1500 X-4.4583 Y5.06033 E52.8292
G1 F1500 X-4.03382 Y4.26984 E52.8651
G1 F1500 X-3.57724 Y3.49746 E52.9010
G1 F1500 X-3.08934 Y2.74447 E52.9369
G1 F1500 X-2.57094 Y2.01214 E52.9728
G1 F1500 X-2.02291 Y1.30171 E53.0086
G1 F1500 X-1.44617 Y0.614388 E53.0445
G1 F1500 X-0.841707 Y-0.0486815 E53.0804
G1 F1500 X-0.210527 Y-0.686376 E53.1163
G1 F1500 X0.446302 Y-1.29762 E53.1522
G1 F1500 X1.12767 Y-1.88138 E53.1881
G1 F1500 X1.83243 Y-2.43668 E53.2240
G1 F1500 X2.5594 Y-2.96257 E53.2599
G1 F1500 X3.30734 Y-3.45817 E53.2958
G1 F1500 X4.075 Y-3.92266 E53.3316
G1 F1500 X4.86108 Y-4.35523 E53.3675
G1 F1500 X5.66426 Y-4.75516 E53.4034
G1 F1500 X6.48318 Y-5.12179 E53.4393
G1 F1500 X7.31646 Y-5.45448 E53.4752
G1 F1500 X8.1627 Y-5.75268 E53.5111
G1 F1500 X9.02046 Y-6.01589 E53.5470
G1 F1500 X9.88831 Y-6.24366 E53.5829
G1 F1500 X10.7648 Y-6.43561 E53.6188
G1 F1500 X11.6484 Y-6.59142 E53.6547
G1 F1500 X12.5377 Y-6.71081 E53.6905
G1 F1500 X13.4311 Y-6.7936 E53.7264
G1 F1500 X14.3271 Y-6.83964 E53.7623
G1 F1500 X15.2243 Y-6.84885 E53.7982
G1 F1500 X16.1211 Y-6.82122 E53.8341
G1 F1500 X17.0161 Y-6.75679 E53.8700
G1 F1500 X17.9076 Y-6.65568 E53.9059
G1 F1500 X18.7942 Y-6.51805 E53.9418
G1 F1500 X19.6744 Y-6.34414 E53.9777
G1 F1500 X20.5468 Y-6.13423 E54.0136
G1 F1500 X21.4098 Y-5.88869 E54.0494
G1 F1500 X22.262 Y-5.60792 E54.0853
G1 F1500 X23.1019 Y-5.29241 E54.1212
G1 F1500 X23.9282 Y-4.94268 E54.1571
G1 F1500 X24.7394 Y-4.55932 E54.1930
G1 F1500 X25.5342 Y-4.14298 E54.2289
G1 F1500 X26.3112 Y-3.69436 E54.2648
G1 F1500 X27.0692 Y-3.21421 E54.3007
G1 F1500 X27.8068 Y-2.70336 E54.3366
G1 F1500 X28.5228 Y-2.16265 E54.3724
G1 F1500 X29.216 Y-1.593 E54.4083
G1 F1500 X29.8853 Y-0.995369 E54.4442
G1 F1500 X30.5294 Y-0.370769 E54.4801
G1 F1500 X31.1473 Y0.27975 E54.5160
G1 F1500 X31.7381 Y0.955091 E54.5519
G1 F1500 X32.3006 Y1.65411 E54.5878
G1 F1500 X32.8339 Y2.37564 E54.6237
G1 F1500 X33.3372 Y3.11846 E54.6596
G1 F1500 X33.8095 Y3.88131 E54.6955
G1 F1500 X34.2501 Y4.66291 E54.7313
G1 F1500 X34.6583 Y5.46194 E54.7672
G1 F1500 X35.0333 Y6.27705 E54.8031
G1 F1500 X35.3745 Y7.10687 E54.8390
G1 F1500 X35.6814 Y7.95 E54.8749
G1 F1500 X35.9534 Y8.80502 E54.9108
G1 F1500 X36.1901 Y9.67049 E54.9467
G1 F1500 X36.391 Y10.5449 E54.9826
G1 F1500 X36.5559 Y11.4269 E55.0185
G1 F1500 X36.6844 Y12.3149 E55.0544
G1 F1500 X36.7763 Y13.2074 E55.0902
G1 F1500 X36.8316 Y14.1029 E55.1261
G1 F1500 X36.85 Y15 E55.1620
G0 F6000 X38 Y15 Z0.2
G1 F1500 X37.9825 Y15.8974 E55.1979
G1 F1500 X37.93 Y16.7934 E55.2338
G1 F1500 X37.8425 Y17.6866 E55.2697
G1 F1500 X37.7203 Y18.5758 E55.3056
G1 F1500 X37.5635 Y19.4596 E55.3415
G1 F1500 X37.3723 Y20.3365 E55.3774
G1 F1500 X37.1471 Y21.2053 E55.4133
G1 F1500 X36.8881 Y22.0647 E55.4492
G1 F1500 X36.5958 Y22.9133 E55.4851
G1 F1500 X36.2706 Y23.7499 E55.5210
G1 F1500 X35.9131 Y24.5731 E55.5569
G1 F1500 X35.5236 Y25.3818 E55.5928
G1 F1500 X35.1029 Y26.1746 E55.6287
G1 F1500 X34.6516 Y26.9504 E55.6646
G1 F1500 X34.1704 Y27.7081 E55.7005
G1 F1500 X33.66 Y28.4463 E55.7364
G1 F1500 X33.1212 Y29.1641 E55.7723
G1 F1500 X32.5547 Y29.8604 E55.8083
G1 F1500 X31.9616 Y30.534 E55.8442
G1 F1500 X31.3426 Y31.1839 E55.8801
G1 F1500 X30.6987 Y31.8092 E55.9160
G1 F1500 X30.0309 Y32.4089 E55.9519
G1 F1500 X29.3403 Y32.9821 E55.9878
G1 F1500 X28.6278 Y33.5279 E56.0237
G1 F1500 X27.8945 Y34.0455 E56.0596
G1 F1500 X27.1416 Y34.5341 E56.0955
G1 F1500 X26.3702 Y34.993 E56.1314
G1 F1500 X25.5815 Y35.4214 E56.1673
G1 F1500 X24.7767 Y35.8187 E56.2032
G1 F1500 X23.957 Y36.1843 E56.2391
G1 F1500 X23.1236 Y36.5176 E56.2750
G1 F1500 X22.2779 Y36.8182 E56.3109
G1 F1500 X21.4211 Y37.0855 E56.3468
G1 F1500 X20.5545 Y37.3192 E56.3827
G1 F1500 X19.6795 Y37.5189 E56.4186
G1 F1500 X18.7973 Y37.6844 E56.4545
G1 F1500 X17.9094 Y37.8152 E56.4904
G1 F1500 X17.017 Y37.9114 E56.5263
G1 F1500 X16.1216 Y37.9726 E56.5622
G1 F1500 X15.2244 Y37.9989 E56.5981
G1 F1500 X14.3269 Y37.9901 E56.6340
G1 F1500 X13.4304 Y37.9464 E56.6699
G1 F1500 X12.5363 Y37.8677 E56.7058
G1 F1500 X11.646 Y37.7541 E56.7417
G1 F1500 X10.7608 Y37.606 E56.7776
G1 F1500 X9.88202 Y37.4233 E56.8135
G1 F1500 X9.01104 Y37.2066 E56.8494
G1 F1500 X8.14919 Y36.956 E56.8853
G1 F1500 X7.29777 Y36.672 E56.9212
G1 F1500 X6.45808 Y36.355 E56.9571
G1 F1500 X5.63139 Y36.0055 E56.9930
G1 F1500 X4.81898 Y35.6239 E57.0289
G1 F1500 X4.02206 Y35.211 E57.0648
G1 F1500 X3.24187 Y34.7673 E57.1007
G1 F1500 X2.47958 Y34.2935 E57.1366
G1 F1500 X1.73635 Y33.7903 E57.1725
G1 F1500 X1.01333 Y33.2585 E57.2084
G1 F1500 X0.311602 Y32.6989 E57.2443
G1 F1500 X-0.367756 Y32.1123 E57.2802
G1 F1500 X-1.02371 Y31.4997 E57.3161
G1 F1500 X-1.65527 Y30.862 E57.3520
G1 F1500 X-2.26146 Y30.2001 E57.3879
G1 F1500 X-2.84136 Y29.515 E57.4238
G1 F1500 X-3.39409 Y28.8079 E57.4597
G1 F1500 X-3.91882 Y28.0797 E57.4956
G1 F1500 X-4.41473 Y27.3316 E57.5315
G1 F1500 X-4.88108 Y26.5647 E57.5674
G1 F1500 X-5.31715 Y25.7802 E57.6033
G1 F1500 X-5.72228 Y24.9793 E57.6392
G1 F1500 X-6.09586 Y24.1632 E57.6751
G1 F1500 X-6.43731 Y23.3332 E57.7110
G1 F1500 X-6.74612 Y22.4904 E57.7469
G1 F1500 X-7.0218 Y21.6363 E57.7828
G1 F1500 X-7.26396 Y20.772 E57.8187
G1 F1500 X-7.47221 Y19.899 E57.8546
G1 F1500 X-7.64624 Y19.0185 E57.8905
G1 F1500 X-7.78578 Y18.1318 E57.9264
G1 F1500 X-7.89062 Y17.2404 E57.9623
G1 F1500 X-7.9606 Y16.3456 E57.9983
G1 F1500 X-7.99562 Y15.4488 E58.0342
G1 F1500 X-7.99562 Y14.5512 E58.0701
G1 F1500 X-7.9606 Y13.6544 E58.1060
G1 F1500 X-7.89062 Y12.7596 E58.1419
G1 F1500 X-7.78578 Y11.8682 E58.1778
G1 F1500 X-7.64624 Y10.9815 E58.2137
G1 F1500 X-7.47221 Y10.101 E58.2496
G1 F1500 X-7.26396 Y9.22798 E58.2855
G1 F1500 X-7.0218 Y8.36373 E58.3214
G1 F1500 X-6.74612 Y7.50958 E58.3573
G1 F1500 X-6.43731 Y6.66683 E58.3932
G1 F1500 X-6.09586 Y5.83677 E58.4291
G1 F1500 X-5.72228 Y5.02067 E58.4650
G1 F1500 X-5.31715 Y4.21977 E58.5009
G1 F1500 X-4.88108 Y3.43528 E58.5368
G1 F1500 X-4.41473 Y2.66841 E58.5727
G1 F1500 X-3.91882 Y1.92031 E58.6086
G1 F1500 X-3.39409 Y1.19213 E58.6445
G1 F1500 X-2.84136 Y0.484977 E58.6804
G1 F1500 X-2.26146 Y-0.200071 E58.7163
G1 F1500 X-1.65527 Y-0.861972 E58.7522
G1 F1500 X-1.02371 Y-1.49972 E58.7881
G1 F1500 X-0.367756 Y-2.11234 E58.8240
G1 F1500 X0.311602 Y-2.6989 E58.8599
G1 F1500 X1.01333 Y-3.2585 E58.8958
G1 F1500 X1.73635 Y-3.79031 E58.9317
G1 F1500 X2.47958 Y-4.2935 E58.9676
G1 F1500 X3.24187 Y-4.7673 E59.0035
G1 F1500 X4.02206 Y-5.21101 E59.0394
G1 F1500 X4.81898 Y-5.62394 E59.0753
G1 F1500 X5.63139 Y-6.00546 E59.1112
G1 F1500 X6.45808 Y-6.35499 E59.1471
G1 F1500 X7.29777 Y-6.672 E59.1830
G1 F1500 X8.14919 Y-6.95601 E59.2189
G1 F1500 X9.01104 Y-7.20658 E59.2548
G1 F1500 X9.88202 Y-7.42334 E59.2907
G1 F1500 X10.7608 Y-7.60595 E59.3266
G1 F1500 X11.646 Y-7.75414 E59.3625
G1 F1500 X12.5363 Y-7.86767 E59.3984
G1 F1500 X13.4304 Y-7.94638 E59.4343
G1 F1500 X14.3269 Y-7.99015 E59.4702
G1 F1500 X15.2244 Y-7.99891 E59.5061
G1 F1500 X16.1216 Y-7.97264 E59.5420
G1 F1500 X17.017 Y-7.91139 E59.5779
G1 F1500 X17.9094 Y-7.81525 E59.6138
G1 F1500 X18.7973 Y-7.68436 E59.6497
G1 F1500 X19.6795 Y-7.51893 E59.6856
G1 F1500 X20.5545 Y-7.31921 E59.7215
G1 F1500 X21.4211 Y-7.0855 E59.7574
G1 F1500 X22.2779 Y-6.81816 E59.7933
G1 F1500 X23.1236 Y-6.51759 E59.8292
G1 F1500 X23.957 Y-6.18426 E59.8651
G1 F1500 X24.7767 Y-5.81866 E59.9010
G1 F1500 X25.5815 Y-5.42136 E59.9369
G1 F1500 X26.3702 Y-4.99296 E59.9728
G1 F1500 X27.1416 Y-4.53412 E60.0087
G1 F1500 X27.8945 Y-4.04553 E60.0446
G1 F1500 X28.6278 Y-3.52793 E60.0805
G1 F1500 X29.3403 Y-2.98212 E60.1164
G1 F1500 X30.0309 Y-2.40893 E60.1523
G1 F1500 X30.6987 Y-1.80923 E60.1883
G1 F1500 X31.3426 Y-1.18393 E60.2242
G1 F1500 X31.9616 Y-0.533979 E60.2601
G1 F1500 X32.5547 Y0.139624 E60.2960
G1 F1500 X33.1212 Y0.835857 E60.3319
G1 F1500 X33.66 Y1.55366 E60.3678
G1 F1500 X34.1704 Y2.29194 E60.4037
G1 F1500 X34.6516 Y3.04957 E60.4396
G1 F1500 X35.1029 Y3.8254 E60.4755
G1 F1500 X35.5236 Y4.61825 E60.5114
G1 F1500 X35.9131 Y5.4269 E60.5473
G1 F1500 X36.2706 Y6.25014 E60.5832
G1 F1500 X36.5958 Y7.0867 E60.6191
G1 F1500 X36.8881 Y7.93531 E60.6550
G1 F1500 X37.1471 Y8.79467 E60.6909
G1 F1500 X37.3723 Y9.66349 E60.7268
G1 F1500 X37.5635 Y10.5404 E60.7627
G1 F1500 X37.7203 Y11.4242 E60.7986
G1 F1500 X37.8425 Y12.3134 E60.8345
G1 F1500 X37.93 Y13.2066 E60.8704
G1 F1500 X37.9825 Y14.1026 E60.9063
G1 F1500 X38 Y15 E60.9422

; ----- Layer 2 (Z = 0.40): плотные радиальные спицы -----
G0 F6000 Z0.4
G0 F6000 X17.75 Y15
G1 F1500 X38 Y15 E61.7522
G0 F6000 X17.7193 Y15.4099
G1 F1500 X37.7431 Y18.428 E62.5622
G0 F6000 X17.6278 Y15.8106
G1 F1500 X36.9782 Y21.7794 E63.3722
G0 F6000 X17.4777 Y16.1932
G1 F1500 X35.7223 Y24.9793 E64.1822
G0 F6000 X17.2722 Y16.5491
G1 F1500 X34.0035 Y27.9564 E64.9922
G0 F6000 X17.0159 Y16.8705
G1 F1500 X31.8602 Y30.644 E65.8022
G0 F6000 X16.7146 Y17.15
G1 F1500 X29.3403 Y32.9821 E66.6122
G0 F6000 X16.375 Y17.3816
G1 F1500 X26.5 Y34.9186 E67.4222
G0 F6000 X16.0047 Y17.5599
G1 F1500 X23.4028 Y36.4101 E68.2322
G0 F6000 X15.6119 Y17.6811
G1 F1500 X20.118 Y37.4233 E69.0422
G0 F6000 X15.2055 Y17.7423
G1 F1500 X16.7188 Y37.9357 E69.8522
G0 F6000 X14.7945 Y17.7423
G1 F1500 X13.2812 Y37.9357 E70.6622
G0 F6000 X14.3881 Y17.6811
G1 F1500 X9.88202 Y37.4233 E71.4722
G0 F6000 X13.9953 Y17.5599
G1 F1500 X6.59716 Y36.4101 E72.2822
G0 F6000 X13.625 Y17.3816
G1 F1500 X3.5 Y34.9186 E73.0922
G0 F6000 X13.2854 Y17.15
G1 F1500 X0.659735 Y32.9821 E73.9022
G0 F6000 X12.9841 Y16.8705
G1 F1500 X-1.86019 Y30.644 E74.7122
G0 F6000 X12.7278 Y16.5491
G1 F1500 X-4.00349 Y27.9564 E75.5222
G0 F6000 X12.5223 Y16.1932
G1 F1500 X-5.72228 Y24.9793 E76.3322
G0 F6000 X12.3722 Y15.8106
G1 F1500 X-6.97817 Y21.7794 E77.1422
G0 F6000 X12.2807 Y15.4099
G1 F1500 X-7.74311 Y18.428 E77.9522
G0 F6000 X12.25 Y15
G1 F1500 X-8 Y15 E78.7622
G0 F6000 X12.2807 Y14.5901
G1 F1500 X-7.74311 Y11.572 E79.5722
G0 F6000 X12.3722 Y14.1894
G1 F1500 X-6.97817 Y8.22063 E80.3822
G0 F6000 X12.5223 Y13.8068
G1 F1500 X-5.72228 Y5.02067 E81.1922
G0 F6000 X12.7278 Y13.4509
G1 F1500 X-4.00349 Y2.04364 E82.0022
G0 F6000 X12.9841 Y13.1295
G1 F1500 X-1.86019 Y-0.643973 E82.8122
G0 F6000 X13.2854 Y12.85
G1 F1500 X0.659735 Y-2.98212 E83.6222
G0 F6000 X13.625 Y12.6184
G1 F1500 X3.5 Y-4.91858 E84.4322
G0 F6000 X13.9953 Y12.4401
G1 F1500 X6.59716 Y-6.4101 E85.2422
G0 F6000 X14.3881 Y12.3189
G1 F1500 X9.88202 Y-7.42334 E86.0522
G0 F6000 X14.7945 Y12.2577
G1 F1500 X13.2812 Y-7.93569 E86.8622
G0 F6000 X15.2055 Y12.2577
G1 F1500 X16.7188 Y-7.93569 E87.6722
G0 F6000 X15.6119 Y12.3189
G1 F1500 X20.118 Y-7.42334 E88.4822
G0 F6000 X16.0047 Y12.4401
G1 F1500 X23.4028 Y-6.4101 E89.2922
G0 F6000 X16.375 Y12.6184
G1 F1500 X26.5 Y-4.91858 E90.1022
G0 F6000 X16.7146 Y12.85
G1 F1500 X29.3403 Y-2.98212 E90.9122
G0 F6000 X17.0159 Y13.1295
G1 F1500 X31.8602 Y-0.643973 E91.7222
G0 F6000 X17.2722 Y13.4509
G1 F1500 X34.0035 Y2.04364 E92.5322
G0 F6000 X17.4777 Y13.8068
G1 F1500 X35.7223 Y5.02067 E93.3422
G0 F6000 X17.6278 Y14.1894
G1 F1500 X36.9782 Y8.22063 E94.1522
G0 F6000 X17.7193 Y14.5901
G1 F1500 X37.7431 Y11.572 E94.9622

; ----- Layer 2: кольца с повёрнутым швом (перекрёст) -----
G0 F6000 X16.0493 Y15.0393 Z0.4
G1 F1500 X16.0142 Y15.2718 E94.9716
G1 F1500 X15.9283 Y15.4906 E94.9810
G1 F1500 X15.7959 Y15.6849 E94.9904
G1 F1500 X15.6235 Y15.8448 E94.9998
G1 F1500 X15.4199 Y15.9624 E95.0092
G1 F1500 X15.1952 Y16.0317 E95.0186
G1 F1500 X14.9607 Y16.0493 E95.0280
G1 F1500 X14.7282 Y16.0142 E95.0374
G1 F1500 X14.5094 Y15.9283 E95.0468
G1 F1500 X14.3151 Y15.7959 E95.0562
G1 F1500 X14.1552 Y15.6235 E95.0656
G1 F1500 X14.0376 Y15.4199 E95.0750
G1 F1500 X13.9683 Y15.1952 E95.0845
G1 F1500 X13.9507 Y14.9607 E95.0939
G1 F1500 X13.9858 Y14.7282 E95.1033
G1 F1500 X14.0717 Y14.5094 E95.1127
G1 F1500 X14.2041 Y14.3151 E95.1221
G1 F1500 X14.3765 Y14.1552 E95.1315
G1 F1500 X14.5801 Y14.0376 E95.1409
G1 F1500 X14.8048 Y13.9683 E95.1503
G1 F1500 X15.0393 Y13.9507 E95.1597
G1 F1500 X15.2718 Y13.9858 E95.1691
G1 F1500 X15.4906 Y14.0717 E95.1785
G1 F1500 X15.6849 Y14.2041 E95.1879
G1 F1500 X15.8448 Y14.3765 E95.1973
G1 F1500 X15.9624 Y14.5801 E95.2067
G1 F1500 X16.0317 Y14.8048 E95.2161
G1 F1500 X16.0493 Y15.0393 E95.2255
G0 F6000 X16.1492 Y15.043 Z0.4
G1 F1500 X16.1108 Y15.2976 E95.2358
G1 F1500 X16.0167 Y15.5374 E95.2461
G1 F1500 X15.8717 Y15.7501 E95.2564
G1 F1500 X15.6829 Y15.9253 E95.2667
G1 F1500 X15.4599 Y16.054 E95.2770
G1 F1500 X15.2138 Y16.13 E95.2873
G1 F1500 X14.957 Y16.1492 E95.2976
G1 F1500 X14.7024 Y16.1108 E95.3079
G1 F1500 X14.4626 Y16.0167 E95.3182
G1 F1500 X14.2499 Y15.8717 E95.3285
G1 F1500 X14.0747 Y15.6829 E95.3388
G1 F1500 X13.946 Y15.4599 E95.3491
G1 F1500 X13.87 Y15.2138 E95.3594
G1 F1500 X13.8508 Y14.957 E95.3697
G1 F1500 X13.8892 Y14.7024 E95.3800
G1 F1500 X13.9833 Y14.4626 E95.3903
G1 F1500 X14.1283 Y14.2499 E95.4006
G1 F1500 X14.3171 Y14.0747 E95.4109
G1 F1500 X14.5401 Y13.946 E95.4212
G1 F1500 X14.7862 Y13.87 E95.4315
G1 F1500 X15.043 Y13.8508 E95.4418
G1 F1500 X15.2976 Y13.8892 E95.4521
G1 F1500 X15.5374 Y13.9833 E95.4624
G1 F1500 X15.7501 Y14.1283 E95.4727
G1 F1500 X15.9253 Y14.3171 E95.4830
G1 F1500 X16.054 Y14.5401 E95.4933
G1 F1500 X16.13 Y14.7862 E95.5036
G1 F1500 X16.1492 Y15.043 E95.5139
G0 F6000 X17.2984 Y15.086 Z0.4
G1 F1500 X17.2216 Y15.5953 E95.5345
G1 F1500 X17.0335 Y16.0747 E95.5551
G1 F1500 X16.7433 Y16.5003 E95.5758
G1 F1500 X16.3658 Y16.8506 E95.5964
G1 F1500 X15.9198 Y17.1081 E95.6170
G1 F1500 X15.4276 Y17.2599 E95.6376
G1 F1500 X14.914 Y17.2984 E95.6582
G1 F1500 X14.4047 Y17.2216 E95.6788
G1 F1500 X13.9253 Y17.0335 E95.6994
G1 F1500 X13.4997 Y16.7433 E95.7200
G1 F1500 X13.1494 Y16.3658 E95.7406
G1 F1500 X12.8919 Y15.9198 E95.7612
G1 F1500 X12.7401 Y15.4276 E95.7818
G1 F1500 X12.7016 Y14.914 E95.8024
G1 F1500 X12.7784 Y14.4047 E95.8230
G1 F1500 X12.9665 Y13.9253 E95.8436
G1 F1500 X13.2567 Y13.4997 E95.8642
G1 F1500 X13.6342 Y13.1494 E95.8848
G1 F1500 X14.0802 Y12.8919 E95.9054
G1 F1500 X14.5724 Y12.7401 E95.9260
G1 F1500 X15.086 Y12.7016 E95.9466
G1 F1500 X15.5953 Y12.7784 E95.9672
G1 F1500 X16.0747 Y12.9665 E95.9878
G1 F1500 X16.5003 Y13.2567 E96.0084
G1 F1500 X16.8506 Y13.6342 E96.0290
G1 F1500 X17.1081 Y14.0802 E96.0496
G1 F1500 X17.2599 Y14.5724 E96.0702
G1 F1500 X17.2984 Y15.086 E96.0908
G0 F6000 X18.4476 Y15.129 Z0.4
G1 F1500 X18.3324 Y15.8929 E96.1217
G1 F1500 X18.0502 Y16.6121 E96.1526
G1 F1500 X17.615 Y17.2504 E96.1835
G1 F1500 X17.0487 Y17.7759 E96.2144
G1 F1500 X16.3796 Y18.1621 E96.2453
G1 F1500 X15.6414 Y18.3899 E96.2762
G1 F1500 X14.871 Y18.4476 E96.3071
G1 F1500 X14.1071 Y18.3324 E96.3380
G1 F1500 X13.3879 Y18.0502 E96.3689
G1 F1500 X12.7496 Y17.615 E96.3998
G1 F1500 X12.2241 Y17.0487 E96.4307
G1 F1500 X11.8379 Y16.3796 E96.4616
G1 F1500 X11.6101 Y15.6414 E96.4925
G1 F1500 X11.5524 Y14.871 E96.5234
G1 F1500 X11.6676 Y14.1071 E96.5543
G1 F1500 X11.9498 Y13.3879 E96.5852
G1 F1500 X12.385 Y12.7496 E96.6161
G1 F1500 X12.9513 Y12.2241 E96.6470
G1 F1500 X13.6204 Y11.8379 E96.6779
G1 F1500 X14.3586 Y11.6101 E96.7088
G1 F1500 X15.129 Y11.5524 E96.7397
G1 F1500 X15.8929 Y11.6676 E96.7706
G1 F1500 X16.6121 Y11.9498 E96.8015
G1 F1500 X17.2504 Y12.385 E96.8324
G1 F1500 X17.7759 Y12.9513 E96.8633
G1 F1500 X18.1621 Y13.6204 E96.8942
G1 F1500 X18.3899 Y14.3586 E96.9251
G1 F1500 X18.4476 Y15.129 E96.9560
G0 F6000 X19.5968 Y15.172 Z0.4
G1 F1500 X19.4749 Y16.0655 E96.9921
G1 F1500 X19.1811 Y16.918 E97.0282
G1 F1500 X18.7265 Y17.6968 E97.0643
G1 F1500 X18.1288 Y18.372 E97.1003
G1 F1500 X17.4108 Y18.9176 E97.1364
G1 F1500 X16.6002 Y19.3127 E97.1725
G1 F1500 X15.7281 Y19.542 E97.2085
G1 F1500 X14.828 Y19.5968 E97.2446
G1 F1500 X13.9345 Y19.4749 E97.2807
G1 F1500 X13.082 Y19.1811 E97.3168
G1 F1500 X12.3032 Y18.7265 E97.3528
G1 F1500 X11.628 Y18.1288 E97.3889
G1 F1500 X11.0824 Y17.4108 E97.4250
G1 F1500 X10.6873 Y16.6002 E97.4610
G1 F1500 X10.458 Y15.7281 E97.4971
G1 F1500 X10.4032 Y14.828 E97.5332
G1 F1500 X10.5251 Y13.9345 E97.5692
G1 F1500 X10.8189 Y13.082 E97.6053
G1 F1500 X11.2735 Y12.3032 E97.6414
G1 F1500 X11.8712 Y11.628 E97.6775
G1 F1500 X12.5892 Y11.0824 E97.7135
G1 F1500 X13.3998 Y10.6873 E97.7496
G1 F1500 X14.2719 Y10.458 E97.7857
G1 F1500 X15.172 Y10.4032 E97.8217
G1 F1500 X16.0655 Y10.5251 E97.8578
G1 F1500 X16.918 Y10.8189 E97.8939
G1 F1500 X17.6968 Y11.2735 E97.9299
G1 F1500 X18.372 Y11.8712 E97.9660
G1 F1500 X18.9176 Y12.5892 E98.0021
G1 F1500 X19.3127 Y13.3998 E98.0382
G1 F1500 X19.542 Y14.2719 E98.0742
G1 F1500 X19.5968 Y15.172 E98.1103
G0 F6000 X20.746 Y15.215 Z0.4
G1 F1500 X20.6416 Y16.1112 E98.1464
G1 F1500 X20.3983 Y16.9801 E98.1825
G1 F1500 X20.0221 Y17.8002 E98.2186
G1 F1500 X19.5222 Y18.5513 E98.2547
G1 F1500 X18.911 Y19.215 E98.2908
G1 F1500 X18.2035 Y19.775 E98.3268
G1 F1500 X17.4171 Y20.2173 E98.3629
G1 F1500 X16.5711 Y20.5312 E98.3990
G1 F1500 X15.6865 Y20.7089 E98.4351
G1 F1500 X14.785 Y20.746 E98.4712
G1 F1500 X13.8888 Y20.6416 E98.5073
G1 F1500 X13.0199 Y20.3983 E98.5434
G1 F1500 X12.1998 Y20.0221 E98.5795
G1 F1500 X11.4487 Y19.5222 E98.6156
G1 F1500 X10.785 Y18.911 E98.6517
G1 F1500 X10.225 Y18.2035 E98.6878
G1 F1500 X9.78269 Y17.4171 E98.7238
G1 F1500 X9.46881 Y16.5711 E98.7599
G1 F1500 X9.29113 Y15.6865 E98.7960
G1 F1500 X9.25402 Y14.785 E98.8321
G1 F1500 X9.3584 Y13.8888 E98.8682
G1 F1500 X9.60169 Y13.0199 E98.9043
G1 F1500 X9.9779 Y12.1998 E98.9404
G1 F1500 X10.4778 Y11.4487 E98.9765
G1 F1500 X11.089 Y10.785 E99.0126
G1 F1500 X11.7965 Y10.225 E99.0487
G1 F1500 X12.5829 Y9.78269 E99.0848
G1 F1500 X13.4289 Y9.46881 E99.1209
G1 F1500 X14.3135 Y9.29113 E99.1569
G1 F1500 X15.215 Y9.25402 E99.1930
G1 F1500 X16.1112 Y9.3584 E99.2291
G1 F1500 X16.9801 Y9.60169 E99.2652
G1 F1500 X17.8002 Y9.9779 E99.3013
G1 F1500 X18.5513 Y10.4778 E99.3374
G1 F1500 X19.215 Y11.089 E99.3735
G1 F1500 X19.775 Y11.7965 E99.4096
G1 F1500 X20.2173 Y12.5829 E99.4457
G1 F1500 X20.5312 Y13.4289 E99.4818
G1 F1500 X20.7089 Y14.3135 E99.5179
G1 F1500 X20.746 Y15.215 E99.5539
G0 F6000 X21.8952 Y15.258 Z0.4
G1 F1500 X21.8025 Y16.1558 E99.5900
G1 F1500 X21.5935 Y17.0338 E99.6262
G1 F1500 X21.2716 Y17.877 E99.6623
G1 F1500 X20.8424 Y18.671 E99.6984
G1 F1500 X20.3133 Y19.4022 E99.7345
G1 F1500 X19.6932 Y20.0581 E99.7706
G1 F1500 X18.9928 Y20.6274 E99.8067
G1 F1500 X18.2242 Y21.1004 E99.8428
G1 F1500 X17.4003 Y21.469 E99.8789
G1 F1500 X16.5354 Y21.727 E99.9150
G1 F1500 X15.6442 Y21.8699 E99.9511
G1 F1500 X14.742 Y21.8952 E99.9872
G1 F1500 X13.8442 Y21.8025 E100.0233
G1 F1500 X12.9662 Y21.5935 E100.0594
G1 F1500 X12.123 Y21.2716 E100.0955
G1 F1500 X11.329 Y20.8424 E100.1316
G1 F1500 X10.5978 Y20.3133 E100.1677
G1 F1500 X9.94194 Y19.6932 E100.2038
G1 F1500 X9.37263 Y18.9928 E100.2399
G1 F1500 X8.8996 Y18.2242 E100.2760
G1 F1500 X8.53096 Y17.4003 E100.3121
G1 F1500 X8.273 Y16.5354 E100.3482
G1 F1500 X8.13014 Y15.6442 E100.3843
G1 F1500 X8.10483 Y14.742 E100.4204
G1 F1500 X8.19749 Y13.8442 E100.4565
G1 F1500 X8.40655 Y12.9662 E100.4926
G1 F1500 X8.72842 Y12.123 E100.5287
G1 F1500 X9.1576 Y11.329 E100.5648
G1 F1500 X9.68675 Y10.5978 E100.6009
G1 F1500 X10.3068 Y9.94194 E100.6370
G1 F1500 X11.0072 Y9.37263 E100.6731
G1 F1500 X11.7758 Y8.8996 E100.7092
G1 F1500 X12.5997 Y8.53096 E100.7453
G1 F1500 X13.4646 Y8.273 E100.7814
G1 F1500 X14.3558 Y8.13014 E100.8175
G1 F1500 X15.258 Y8.10483 E100.8536
G1 F1500 X16.1558 Y8.19749 E100.8897
G1 F1500 X17.0338 Y8.40655 E100.9258
G1 F1500 X17.877 Y8.72842 E100.9619
G1 F1500 X18.671 Y9.1576 E100.9980
G1 F1500 X19.4022 Y9.68675 E101.0341
G1 F1500 X20.0581 Y10.3068 E101.0703
G1 F1500 X20.6274 Y11.0072 E101.1064
G1 F1500 X21.1004 Y11.7758 E101.1425
G1 F1500 X21.469 Y12.5997 E101.1786
G1 F1500 X21.727 Y13.4646 E101.2147
G1 F1500 X21.8699 Y14.3558 E101.2508
G1 F1500 X21.8952 Y15.258 E101.2869
G0 F6000 X23.0444 Y15.301 Z0.4
G1 F1500 X22.9601 Y16.1998 E101.3230
G1 F1500 X22.7757 Y17.0835 E101.3591
G1 F1500 X22.4935 Y17.941 E101.3952
G1 F1500 X22.1171 Y18.7615 E101.4313
G1 F1500 X21.6512 Y19.5347 E101.4674
G1 F1500 X21.1017 Y20.2509 E101.5035
G1 F1500 X20.4754 Y20.9011 E101.5396
G1 F1500 X19.7803 Y21.477 E101.5757
G1 F1500 X19.025 Y21.9715 E101.6119
G1 F1500 X18.2191 Y22.3783 E101.6480
G1 F1500 X17.3728 Y22.6924 E101.6841
G1 F1500 X16.4966 Y22.9097 E101.7202
G1 F1500 X15.6016 Y23.0275 E101.7563
G1 F1500 X14.699 Y23.0444 E101.7924
G1 F1500 X13.8002 Y22.9601 E101.8285
G1 F1500 X12.9165 Y22.7757 E101.8646
G1 F1500 X12.059 Y22.4935 E101.9007
G1 F1500 X11.2385 Y22.1171 E101.9368
G1 F1500 X10.4653 Y21.6512 E101.9729
G1 F1500 X9.74909 Y21.1017 E102.0091
G1 F1500 X9.09893 Y20.4754 E102.0452
G1 F1500 X8.52299 Y19.7803 E102.0813
G1 F1500 X8.0285 Y19.025 E102.1174
G1 F1500 X7.62167 Y18.2191 E102.1535
G1 F1500 X7.30764 Y17.3728 E102.1896
G1 F1500 X7.09034 Y16.4966 E102.2257
G1 F1500 X6.97251 Y15.6016 E102.2618
G1 F1500 X6.95563 Y14.699 E102.2979
G1 F1500 X7.03991 Y13.8002 E102.3340
G1 F1500 X7.2243 Y12.9165 E102.3701
G1 F1500 X7.50647 Y12.059 E102.4063
G1 F1500 X7.88287 Y11.2385 E102.4424
G1 F1500 X8.34878 Y10.4653 E102.4785
G1 F1500 X8.89833 Y9.74909 E102.5146
G1 F1500 X9.52461 Y9.09893 E102.5507
G1 F1500 X10.2197 Y8.52299 E102.5868
G1 F1500 X10.975 Y8.0285 E102.6229
G1 F1500 X11.7809 Y7.62167 E102.6590
G1 F1500 X12.6272 Y7.30764 E102.6951
G1 F1500 X13.5034 Y7.09034 E102.7312
G1 F1500 X14.3984 Y6.97251 E102.7674
G1 F1500 X15.301 Y6.95563 E102.8035
G1 F1500 X16.1998 Y7.03991 E102.8396
G1 F1500 X17.0835 Y7.2243 E102.8757
G1 F1500 X17.941 Y7.50647 E102.9118
G1 F1500 X18.7615 Y7.88287 E102.9479
G1 F1500 X19.5347 Y8.34878 E102.9840
G1 F1500 X20.2509 Y8.89833 E103.0201
G1 F1500 X20.9011 Y9.52461 E103.0562
G1 F1500 X21.477 Y10.2197 E103.0923
G1 F1500 X21.9715 Y10.975 E103.1284
G1 F1500 X22.3783 Y11.7809 E103.1646
G1 F1500 X22.6924 Y12.6272 E103.2007
G1 F1500 X22.9097 Y13.5034 E103.2368
G1 F1500 X23.0275 Y14.3984 E103.2729
G1 F1500 X23.0444 Y15.301 E103.3090
G0 F6000 X24.1936 Y15.344 Z0.4
G1 F1500 X24.1156 Y16.2435 E103.3451
G1 F1500 X23.9498 Y17.131 E103.3812
G1 F1500 X23.6978 Y17.9979 E103.4173
G1 F1500 X23.3621 Y18.836 E103.4534
G1 F1500 X22.9458 Y19.6372 E103.4896
G1 F1500 X22.4531 Y20.3937 E103.5257
G1 F1500 X21.8885 Y21.0983 E103.5618
G1 F1500 X21.2576 Y21.7441 E103.5979
G1 F1500 X20.5664 Y22.325 E103.6340
G1 F1500 X19.8216 Y22.8353 E103.6701
G1 F1500 X19.0304 Y23.2702 E103.7062
G1 F1500 X18.2004 Y23.6254 E103.7424
G1 F1500 X17.3396 Y23.8976 E103.7785
G1 F1500 X16.4562 Y24.084 E103.8146
G1 F1500 X15.5588 Y24.183 E103.8507
G1 F1500 X14.656 Y24.1936 E103.8868
G1 F1500 X13.7565 Y24.1156 E103.9229
G1 F1500 X12.869 Y23.9498 E103.9590
G1 F1500 X12.0021 Y23.6978 E103.9952
G1 F1500 X11.164 Y23.3621 E104.0313
G1 F1500 X10.3628 Y22.9458 E104.0674
G1 F1500 X9.6063 Y22.4531 E104.1035
G1 F1500 X8.90175 Y21.8885 E104.1396
G1 F1500 X8.25592 Y21.2576 E104.1757
G1 F1500 X7.67505 Y20.5664 E104.2118
G1 F1500 X7.16471 Y19.8216 E104.2480
G1 F1500 X6.72984 Y19.0304 E104.2841
G1 F1500 X6.37461 Y18.2004 E104.3202
G1 F1500 X6.10245 Y17.3396 E104.3563
G1 F1500 X5.91597 Y16.4562 E104.3924
G1 F1500 X5.81699 Y15.5588 E104.4285
G1 F1500 X5.80643 Y14.656 E104.4646
G1 F1500 X5.88442 Y13.7565 E104.5007
G1 F1500 X6.0502 Y12.869 E104.5369
G1 F1500 X6.30216 Y12.0021 E104.5730
G1 F1500 X6.63789 Y11.164 E104.6091
G1 F1500 X7.05416 Y10.3628 E104.6452
G1 F1500 X7.54694 Y9.6063 E104.6813
G1 F1500 X8.11151 Y8.90175 E104.7174
G1 F1500 X8.74241 Y8.25592 E104.7535
G1 F1500 X9.43358 Y7.67505 E104.7897
G1 F1500 X10.1784 Y7.16471 E104.8258
G1 F1500 X10.9696 Y6.72984 E104.8619
G1 F1500 X11.7996 Y6.37461 E104.8980
G1 F1500 X12.6604 Y6.10245 E104.9341
G1 F1500 X13.5438 Y5.91597 E104.9702
G1 F1500 X14.4412 Y5.81699 E105.0063
G1 F1500 X15.344 Y5.80643 E105.0425
G1 F1500 X16.2435 Y5.88442 E105.0786
G1 F1500 X17.131 Y6.0502 E105.1147
G1 F1500 X17.9979 Y6.30216 E105.1508
G1 F1500 X18.836 Y6.63789 E105.1869
G1 F1500 X19.6372 Y7.05416 E105.2230
G1 F1500 X20.3937 Y7.54694 E105.2591
G1 F1500 X21.0983 Y8.11151 E105.2953
G1 F1500 X21.7441 Y8.74241 E105.3314
G1 F1500 X22.325 Y9.43358 E105.3675
G1 F1500 X22.8353 Y10.1784 E105.4036
G1 F1500 X23.2702 Y10.9696 E105.4397
G1 F1500 X23.6254 Y11.7996 E105.4758
G1 F1500 X23.8976 Y12.6604 E105.5119
G1 F1500 X24.084 Y13.5438 E105.5480
G1 F1500 X24.183 Y14.4412 E105.5842
G1 F1500 X24.1936 Y15.344 E105.6203
G0 F6000 X25.3428 Y15.387 Z0.4
G1 F1500 X25.2697 Y16.287 E105.6564
G1 F1500 X25.1184 Y17.1771 E105.6925
G1 F1500 X24.8902 Y18.0507 E105.7286
G1 F1500 X24.5867 Y18.9011 E105.7647
G1 F1500 X24.2102 Y19.7218 E105.8009
G1 F1500 X23.7636 Y20.5065 E105.8370
G1 F1500 X23.2503 Y21.2494 E105.8731
G1 F1500 X22.6743 Y21.9447 E105.9092
G1 F1500 X22.0398 Y22.5871 E105.9453
G1 F1500 X21.3517 Y23.1718 E105.9814
G1 F1500 X20.6154 Y23.6943 E106.0176
G1 F1500 X19.8362 Y24.1506 E106.0537
G1 F1500 X19.0203 Y24.5373 E106.0898
G1 F1500 X18.1738 Y24.8514 E106.1259
G1 F1500 X17.3031 Y25.0905 E106.1620
G1 F1500 X16.4149 Y25.2528 E106.1981
G1 F1500 X15.5159 Y25.3371 E106.2343
G1 F1500 X14.613 Y25.3428 E106.2704
G1 F1500 X13.713 Y25.2697 E106.3065
G1 F1500 X12.8229 Y25.1184 E106.3426
G1 F1500 X11.9493 Y24.8902 E106.3787
G1 F1500 X11.0989 Y24.5867 E106.4148
G1 F1500 X10.2782 Y24.2102 E106.4510
G1 F1500 X9.49347 Y23.7636 E106.4871
G1 F1500 X8.75062 Y23.2503 E106.5232
G1 F1500 X8.05534 Y22.6743 E106.5593
G1 F1500 X7.41291 Y22.0398 E106.5954
G1 F1500 X6.82823 Y21.3517 E106.6315
G1 F1500 X6.30573 Y20.6154 E106.6677
G1 F1500 X5.84941 Y19.8362 E106.7038
G1 F1500 X5.46272 Y19.0203 E106.7399
G1 F1500 X5.14862 Y18.1738 E106.7760
G1 F1500 X4.9095 Y17.3031 E106.8121
G1 F1500 X4.74717 Y16.4149 E106.8482
G1 F1500 X4.66287 Y15.5159 E106.8844
G1 F1500 X4.65724 Y14.613 E106.9205
G1 F1500 X4.73032 Y13.713 E106.9566
G1 F1500 X4.88157 Y12.8229 E106.9927
G1 F1500 X5.10982 Y11.9493 E107.0288
G1 F1500 X5.41334 Y11.0989 E107.0649
G1 F1500 X5.78983 Y10.2782 E107.1011
G1 F1500 X6.2364 Y9.49347 E107.1372
G1 F1500 X6.74968 Y8.75062 E107.1733
G1 F1500 X7.32574 Y8.05534 E107.2094
G1 F1500 X7.96021 Y7.41291 E107.2455
G1 F1500 X8.64826 Y6.82823 E107.2817
G1 F1500 X9.38465 Y6.30573 E107.3178
G1 F1500 X10.1638 Y5.84941 E107.3539
G1 F1500 X10.9797 Y5.46272 E107.3900
G1 F1500 X11.8262 Y5.14862 E107.4261
G1 F1500 X12.6969 Y4.9095 E107.4622
G1 F1500 X13.5851 Y4.74717 E107.4984
G1 F1500 X14.4841 Y4.66287 E107.5345
G1 F1500 X15.387 Y4.65724 E107.5706
G1 F1500 X16.287 Y4.73032 E107.6067
G1 F1500 X17.1771 Y4.88157 E107.6428
G1 F1500 X18.0507 Y5.10982 E107.6789
G1 F1500 X18.9011 Y5.41334 E107.7151
G1 F1500 X19.7218 Y5.78983 E107.7512
G1 F1500 X20.5065 Y6.2364 E107.7873
G1 F1500 X21.2494 Y6.74968 E107.8234
G1 F1500 X21.9447 Y7.32574 E107.8595
G1 F1500 X22.5871 Y7.96021 E107.8956
G1 F1500 X23.1718 Y8.64826 E107.9318
G1 F1500 X23.6943 Y9.38465 E107.9679
G1 F1500 X24.1506 Y10.1638 E108.0040
G1 F1500 X24.5373 Y10.9797 E108.0401
G1 F1500 X24.8514 Y11.8262 E108.0762
G1 F1500 X25.0905 Y12.6969 E108.1123
G1 F1500 X25.2528 Y13.5851 E108.1485
G1 F1500 X25.3371 Y14.4841 E108.1846
G1 F1500 X25.3428 Y15.387 E108.2207
G0 F6000 X26.492 Y15.43 Z0.4
G1 F1500 X26.4228 Y16.3303 E108.2568
G1 F1500 X26.2832 Y17.2224 E108.2929
G1 F1500 X26.0741 Y18.1009 E108.3290
G1 F1500 X25.7966 Y18.9602 E108.3652
G1 F1500 X25.4526 Y19.795 E108.4013
G1 F1500 X25.0442 Y20.6004 E108.4374
G1 F1500 X24.5738 Y21.3712 E108.4735
G1 F1500 X24.0444 Y22.1027 E108.5096
G1 F1500 X23.4593 Y22.7904 E108.5458
G1 F1500 X22.822 Y23.4301 E108.5819
G1 F1500 X22.1365 Y24.0178 E108.6180
G1 F1500 X21.4069 Y24.5499 E108.6541
G1 F1500 X20.6379 Y25.0232 E108.6902
G1 F1500 X19.8341 Y25.4346 E108.7264
G1 F1500 X19.0005 Y25.7817 E108.7625
G1 F1500 X18.1423 Y26.0624 E108.7986
G1 F1500 X17.2646 Y26.2748 E108.8347
G1 F1500 X16.373 Y26.4177 E108.8708
G1 F1500 X15.473 Y26.4903 E108.9070
G1 F1500 X14.57 Y26.492 E108.9431
G1 F1500 X13.6697 Y26.4228 E108.9792
G1 F1500 X12.7776 Y26.2832 E109.0153
G1 F1500 X11.8991 Y26.0741 E109.0514
G1 F1500 X11.0398 Y25.7966 E109.0875
G1 F1500 X10.205 Y25.4526 E109.1237
G1 F1500 X9.39963 Y25.0442 E109.1598
G1 F1500 X8.62883 Y24.5738 E109.1959
G1 F1500 X7.89732 Y24.0444 E109.2320
G1 F1500 X7.2096 Y23.4593 E109.2681
G1 F1500 X6.5699 Y22.822 E109.3043
G1 F1500 X5.98218 Y22.1365 E109.3404
G1 F1500 X5.45006 Y21.4069 E109.3765
G1 F1500 X4.97682 Y20.6379 E109.4126
G1 F1500 X4.56538 Y19.8341 E109.4487
G1 F1500 X4.21826 Y19.0005 E109.4849
G1 F1500 X3.93762 Y18.1423 E109.5210
G1 F1500 X3.72518 Y17.2646 E109.5571
G1 F1500 X3.58226 Y16.373 E109.5932
G1 F1500 X3.50973 Y15.473 E109.6293
G1 F1500 X3.50804 Y14.57 E109.6654
G1 F1500 X3.57721 Y13.6697 E109.7016
G1 F1500 X3.71679 Y12.7776 E109.7377
G1 F1500 X3.92595 Y11.8991 E109.7738
G1 F1500 X4.20338 Y11.0398 E109.8099
G1 F1500 X4.54737 Y10.205 E109.8460
G1 F1500 X4.95581 Y9.39963 E109.8822
G1 F1500 X5.42617 Y8.62883 E109.9183
G1 F1500 X5.95556 Y7.89732 E109.9544
G1 F1500 X6.54071 Y7.2096 E109.9905
G1 F1500 X7.17801 Y6.5699 E110.0266
G1 F1500 X7.86354 Y5.98218 E110.0628
G1 F1500 X8.59307 Y5.45006 E110.0989
G1 F1500 X9.3621 Y4.97682 E110.1350
G1 F1500 X10.1659 Y4.56538 E110.1711
G1 F1500 X10.9995 Y4.21826 E110.2072
G1 F1500 X11.8577 Y3.93762 E110.2434
G1 F1500 X12.7354 Y3.72518 E110.2795
G1 F1500 X13.627 Y3.58226 E110.3156
G1 F1500 X14.527 Y3.50973 E110.3517
G1 F1500 X15.43 Y3.50804 E110.3878
G1 F1500 X16.3303 Y3.57721 E110.4239
G1 F1500 X17.2224 Y3.71679 E110.4601
G1 F1500 X18.1009 Y3.92595 E110.4962
G1 F1500 X18.9602 Y4.20338 E110.5323
G1 F1500 X19.795 Y4.54737 E110.5684
G1 F1500 X20.6004 Y4.95581 E110.6045
G1 F1500 X21.3712 Y5.42617 E110.6407
G1 F1500 X22.1027 Y5.95556 E110.6768
G1 F1500 X22.7904 Y6.54071 E110.7129
G1 F1500 X23.4301 Y7.17801 E110.7490
G1 F1500 X24.0178 Y7.86354 E110.7851
G1 F1500 X24.5499 Y8.59307 E110.8213
G1 F1500 X25.0232 Y9.3621 E110.8574
G1 F1500 X25.4346 Y10.1659 E110.8935
G1 F1500 X25.7817 Y10.9995 E110.9296
G1 F1500 X26.0624 Y11.8577 E110.9657
G1 F1500 X26.2748 Y12.7354 E111.0019
G1 F1500 X26.4177 Y13.627 E111.0380
G1 F1500 X26.4903 Y14.527 E111.0741
G1 F1500 X26.492 Y15.43 E111.1102
G0 F6000 X27.6412 Y15.473 Z0.4
G1 F1500 X27.5752 Y16.3736 E111.1463
G1 F1500 X27.4452 Y17.2672 E111.1825
G1 F1500 X27.2517 Y18.1493 E111.2186
G1 F1500 X26.9958 Y19.0153 E111.2547
G1 F1500 X26.6788 Y19.8608 E111.2908
G1 F1500 X26.3023 Y20.6816 E111.3269
G1 F1500 X25.8682 Y21.4734 E111.3631
G1 F1500 X25.3787 Y22.2322 E111.3992
G1 F1500 X24.8363 Y22.9542 E111.4353
G1 F1500 X24.2438 Y23.6357 E111.4714
G1 F1500 X23.6042 Y24.2731 E111.5075
G1 F1500 X22.9207 Y24.8633 E111.5437
G1 F1500 X22.1969 Y25.4032 E111.5798
G1 F1500 X21.4364 Y25.8901 E111.6159
G1 F1500 X20.6431 Y26.3216 E111.6520
G1 F1500 X19.8211 Y26.6953 E111.6881
G1 F1500 X18.9745 Y27.0094 E111.7243
G1 F1500 X18.1076 Y27.2624 E111.7604
G1 F1500 X17.2249 Y27.4528 E111.7965
G1 F1500 X16.3308 Y27.5798 E111.8326
G1 F1500 X15.43 Y27.6427 E111.8687
G1 F1500 X14.527 Y27.6412 E111.9049
G1 F1500 X13.6264 Y27.5752 E111.9410
G1 F1500 X12.7328 Y27.4452 E111.9771
G1 F1500 X11.8507 Y27.2517 E112.0132
G1 F1500 X10.9847 Y26.9958 E112.0493
G1 F1500 X10.1392 Y26.6788 E112.0855
G1 F1500 X9.31842 Y26.3023 E112.1216
G1 F1500 X8.5266 Y25.8682 E112.1577
G1 F1500 X7.76776 Y25.3787 E112.1938
G1 F1500 X7.04578 Y24.8363 E112.2300
G1 F1500 X6.36434 Y24.2438 E112.2661
G1 F1500 X5.72689 Y23.6042 E112.3022
G1 F1500 X5.13671 Y22.9207 E112.3383
G1 F1500 X4.59678 Y22.1969 E112.3744
G1 F1500 X4.10986 Y21.4364 E112.4106
G1 F1500 X3.67844 Y20.6431 E112.4467
G1 F1500 X3.30471 Y19.8211 E112.4828
G1 F1500 X2.99058 Y18.9745 E112.5189
G1 F1500 X2.73764 Y18.1076 E112.5550
G1 F1500 X2.54719 Y17.2249 E112.5912
G1 F1500 X2.4202 Y16.3308 E112.6273
G1 F1500 X2.35731 Y15.43 E112.6634
G1 F1500 X2.35885 Y14.527 E112.6995
G1 F1500 X2.4248 Y13.6264 E112.7356
G1 F1500 X2.55483 Y12.7328 E112.7718
G1 F1500 X2.74828 Y11.8507 E112.8079
G1 F1500 X3.00416 Y10.9847 E112.8440
G1 F1500 X3.32117 Y10.1392 E112.8801
G1 F1500 X3.69769 Y9.31842 E112.9162
G1 F1500 X4.13181 Y8.5266 E112.9524
G1 F1500 X4.62131 Y7.76776 E112.9885
G1 F1500 X5.16369 Y7.04578 E113.0246
G1 F1500 X5.7562 Y6.36434 E113.0607
G1 F1500 X6.39581 Y5.72689 E113.0968
G1 F1500 X7.07927 Y5.13671 E113.1330
G1 F1500 X7.80309 Y4.59678 E113.1691
G1 F1500 X8.56359 Y4.10986 E113.2052
G1 F1500 X9.35688 Y3.67844 E113.2413
G1 F1500 X10.1789 Y3.30471 E113.2774
G1 F1500 X11.0255 Y2.99058 E113.3136
G1 F1500 X11.8924 Y2.73764 E113.3497
G1 F1500 X12.7751 Y2.54719 E113.3858
G1 F1500 X13.6692 Y2.4202 E113.4219
G1 F1500 X14.57 Y2.35731 E113.4581
G1 F1500 X15.473 Y2.35885 E113.4942
G1 F1500 X16.3736 Y2.4248 E113.5303
G1 F1500 X17.2672 Y2.55483 E113.5664
G1 F1500 X18.1493 Y2.74828 E113.6025
G1 F1500 X19.0153 Y3.00416 E113.6387
G1 F1500 X19.8608 Y3.32117 E113.6748
G1 F1500 X20.6816 Y3.69769 E113.7109
G1 F1500 X21.4734 Y4.13181 E113.7470
G1 F1500 X22.2322 Y4.62131 E113.7831
G1 F1500 X22.9542 Y5.16369 E113.8193
G1 F1500 X23.6357 Y5.7562 E113.8554
G1 F1500 X24.2731 Y6.39581 E113.8915
G1 F1500 X24.8633 Y7.07927 E113.9276
G1 F1500 X25.4032 Y7.80309 E113.9637
G1 F1500 X25.8901 Y8.56359 E113.9999
G1 F1500 X26.3216 Y9.35688 E114.0360
G1 F1500 X26.6953 Y10.1789 E114.0721
G1 F1500 X27.0094 Y11.0255 E114.1082
G1 F1500 X27.2624 Y11.8924 E114.1443
G1 F1500 X27.4528 Y12.7751 E114.1805
G1 F1500 X27.5798 Y13.6692 E114.2166
G1 F1500 X27.6427 Y14.57 E114.2527
G1 F1500 X27.6412 Y15.473 E114.2888
G0 F6000 X28.7903 Y15.516 Z0.4
G1 F1500 X28.7271 Y16.4168 E114.3249
G1 F1500 X28.605 Y17.3116 E114.3611
G1 F1500 X28.4247 Y18.1964 E114.3972
G1 F1500 X28.1869 Y19.0676 E114.4333
G1 F1500 X27.8926 Y19.9214 E114.4694
G1 F1500 X27.5432 Y20.7541 E114.5056
G1 F1500 X27.14 Y21.5621 E114.5417
G1 F1500 X26.6848 Y22.342 E114.5778
G1 F1500 X26.1796 Y23.0905 E114.6139
G1 F1500 X25.6265 Y23.8044 E114.6500
G1 F1500 X25.0279 Y24.4806 E114.6862
G1 F1500 X24.3864 Y25.1161 E114.7223
G1 F1500 X23.7047 Y25.7084 E114.7584
G1 F1500 X22.9857 Y26.2547 E114.7945
G1 F1500 X22.2325 Y26.7529 E114.8307
G1 F1500 X21.4483 Y27.2008 E114.8668
G1 F1500 X20.6365 Y27.5964 E114.9029
G1 F1500 X19.8006 Y27.9381 E114.9390
G1 F1500 X18.9441 Y28.2244 E114.9751
G1 F1500 X18.0708 Y28.454 E115.0113
G1 F1500 X17.1843 Y28.626 E115.0474
G1 F1500 X16.2884 Y28.7397 E115.0835
G1 F1500 X15.387 Y28.7946 E115.1196
G1 F1500 X14.484 Y28.7903 E115.1558
G1 F1500 X13.5832 Y28.7271 E115.1919
G1 F1500 X12.6884 Y28.605 E115.2280
G1 F1500 X11.8036 Y28.4247 E115.2641
G1 F1500 X10.9324 Y28.1869 E115.3002
G1 F1500 X10.0786 Y27.8926 E115.3364
G1 F1500 X9.24594 Y27.5432 E115.3725
G1 F1500 X8.4379 Y27.14 E115.4086
G1 F1500 X7.65796 Y26.6848 E115.4447
G1 F1500 X6.90946 Y26.1796 E115.4808
G1 F1500 X6.1956 Y25.6265 E115.5170
G1 F1500 X5.51944 Y25.0279 E115.5531
G1 F1500 X4.88388 Y24.3864 E115.5892
G1 F1500 X4.29164 Y23.7047 E115.6253
G1 F1500 X3.74526 Y22.9857 E115.6615
G1 F1500 X3.24707 Y22.2325 E115.6976
G1 F1500 X2.79921 Y21.4483 E115.7337
G1 F1500 X2.40359 Y20.6365 E115.7698
G1 F1500 X2.06191 Y19.8006 E115.8059
G1 F1500 X1.77564 Y18.9441 E115.8421
G1 F1500 X1.54599 Y18.0708 E115.8782
G1 F1500 X1.37396 Y17.1843 E115.9143
G1 F1500 X1.26028 Y16.2884 E115.9504
G1 F1500 X1.20543 Y15.387 E115.9866
G1 F1500 X1.20965 Y14.484 E116.0227
G1 F1500 X1.27292 Y13.5832 E116.0588
G1 F1500 X1.39498 Y12.6884 E116.0949
G1 F1500 X1.57529 Y11.8036 E116.1310
G1 F1500 X1.8131 Y10.9324 E116.1672
G1 F1500 X2.10736 Y10.0786 E116.2033
G1 F1500 X2.45684 Y9.24594 E116.2394
G1 F1500 X2.86003 Y8.4379 E116.2755
G1 F1500 X3.31521 Y7.65796 E116.3117
G1 F1500 X3.82042 Y6.90946 E116.3478
G1 F1500 X4.3735 Y6.1956 E116.3839
G1 F1500 X4.97209 Y5.51944 E116.4200
G1 F1500 X5.61362 Y4.88388 E116.4561
G1 F1500 X6.29534 Y4.29164 E116.4923
G1 F1500 X7.01434 Y3.74526 E116.5284
G1 F1500 X7.76753 Y3.24707 E116.5645
G1 F1500 X8.55169 Y2.79921 E116.6006
G1 F1500 X9.36347 Y2.40359 E116.6367
G1 F1500 X10.1994 Y2.06191 E116.6729
G1 F1500 X11.0559 Y1.77564 E116.7090
G1 F1500 X11.9292 Y1.54599 E116.7451
G1 F1500 X12.8157 Y1.37396 E116.7812
G1 F1500 X13.7116 Y1.26028 E116.8174
G1 F1500 X14.613 Y1.20543 E116.8535
G1 F1500 X15.516 Y1.20965 E116.8896
G1 F1500 X16.4168 Y1.27292 E116.9257
G1 F1500 X17.3116 Y1.39498 E116.9618
G1 F1500 X18.1964 Y1.57529 E116.9980
G1 F1500 X19.0676 Y1.8131 E117.0341
G1 F1500 X19.9214 Y2.10736 E117.0702
G1 F1500 X20.7541 Y2.45684 E117.1063
G1 F1500 X21.5621 Y2.86003 E117.1425
G1 F1500 X22.342 Y3.31521 E117.1786
G1 F1500 X23.0905 Y3.82042 E117.2147
G1 F1500 X23.8044 Y4.3735 E117.2508
G1 F1500 X24.4806 Y4.97209 E117.2869
G1 F1500 X25.1161 Y5.61362 E117.3231
G1 F1500 X25.7084 Y6.29534 E117.3592
G1 F1500 X26.2547 Y7.01434 E117.3953
G1 F1500 X26.7529 Y7.76753 E117.4314
G1 F1500 X27.2008 Y8.55169 E117.4676
G1 F1500 X27.5964 Y9.36347 E117.5037
G1 F1500 X27.9381 Y10.1994 E117.5398
G1 F1500 X28.2244 Y11.0559 E117.5759
G1 F1500 X28.454 Y11.9292 E117.6120
G1 F1500 X28.626 Y12.8157 E117.6482
G1 F1500 X28.7397 Y13.7116 E117.6843
G1 F1500 X28.7946 Y14.613 E117.7204
G1 F1500 X28.7903 Y15.516 E117.7565
G0 F6000 X29.9395 Y15.559 Z0.4
G1 F1500 X29.8785 Y16.46 E117.7926
G1 F1500 X29.7632 Y17.3557 E117.8288
G1 F1500 X29.5941 Y18.2428 E117.8649
G1 F1500 X29.3717 Y19.118 E117.9010
G1 F1500 X29.0968 Y19.9782 E117.9371
G1 F1500 X28.7705 Y20.8203 E117.9733
G1 F1500 X28.3939 Y21.6411 E118.0094
G1 F1500 X27.9685 Y22.4377 E118.0455
G1 F1500 X27.4958 Y23.2072 E118.0816
G1 F1500 X26.9775 Y23.9467 E118.1178
G1 F1500 X26.4154 Y24.6535 E118.1539
G1 F1500 X25.8117 Y25.3252 E118.1900
G1 F1500 X25.1686 Y25.9591 E118.2261
G1 F1500 X24.4883 Y26.5531 E118.2622
G1 F1500 X23.7735 Y27.1049 E118.2984
G1 F1500 X23.0266 Y27.6126 E118.3345
G1 F1500 X22.2504 Y28.0742 E118.3706
G1 F1500 X21.4478 Y28.4881 E118.4067
G1 F1500 X20.6216 Y28.8528 E118.4429
G1 F1500 X19.775 Y29.1669 E118.4790
G1 F1500 X18.9109 Y29.4294 E118.5151
G1 F1500 X18.0325 Y29.6392 E118.5512
G1 F1500 X17.1431 Y29.7956 E118.5874
G1 F1500 X16.2458 Y29.898 E118.6235
G1 F1500 X15.344 Y29.946 E118.6596
G1 F1500 X14.441 Y29.9395 E118.6957
G1 F1500 X13.54 Y29.8785 E118.7318
G1 F1500 X12.6443 Y29.7632 E118.7680
G1 F1500 X11.7572 Y29.5941 E118.8041
G1 F1500 X10.882 Y29.3717 E118.8402
G1 F1500 X10.0218 Y29.0968 E118.8763
G1 F1500 X9.17969 Y28.7705 E118.9125
G1 F1500 X8.35887 Y28.3939 E118.9486
G1 F1500 X7.56228 Y27.9685 E118.9847
G1 F1500 X6.79283 Y27.4958 E119.0208
G1 F1500 X6.05332 Y26.9775 E119.0569
G1 F1500 X5.34647 Y26.4154 E119.0931
G1 F1500 X4.67483 Y25.8117 E119.1292
G1 F1500 X4.04087 Y25.1686 E119.1653
G1 F1500 X3.44691 Y24.4883 E119.2014
G1 F1500 X2.89509 Y23.7735 E119.2376
G1 F1500 X2.38745 Y23.0266 E119.2737
G1 F1500 X1.92583 Y22.2504 E119.3098
G1 F1500 X1.51191 Y21.4478 E119.3459
G1 F1500 X1.14721 Y20.6216 E119.3821
G1 F1500 X0.833059 Y19.775 E119.4182
G1 F1500 X0.5706 Y18.9109 E119.4543
G1 F1500 X0.360793 Y18.0325 E119.4904
G1 F1500 X0.204403 Y17.1431 E119.5265
G1 F1500 X0.102001 Y16.2458 E119.5627
G1 F1500 X0.0539594 Y15.344 E119.5988
G1 F1500 X0.0604545 Y14.441 E119.6349
G1 F1500 X0.121462 Y13.54 E119.6710
G1 F1500 X0.23676 Y12.6443 E119.7072
G1 F1500 X0.405928 Y11.7572 E119.7433
G1 F1500 X0.628348 Y10.882 E119.7794
G1 F1500 X0.903208 Y10.0218 E119.8155
G1 F1500 X1.22951 Y9.17969 E119.8517
G1 F1500 X1.60605 Y8.35887 E119.8878
G1 F1500 X2.03147 Y7.56228 E119.9239
G1 F1500 X2.50421 Y6.79283 E119.9600
G1 F1500 X3.02254 Y6.05332 E119.9961
G1 F1500 X3.58458 Y5.34647 E120.0323
G1 F1500 X4.18827 Y4.67483 E120.0684
G1 F1500 X4.83142 Y4.04087 E120.1045
G1 F1500 X5.51167 Y3.44691 E120.1406
G1 F1500 X6.22653 Y2.89509 E120.1768
G1 F1500 X6.97342 Y2.38745 E120.2129
G1 F1500 X7.74959 Y1.92583 E120.2490
G1 F1500 X8.55222 Y1.51191 E120.2851
G1 F1500 X9.37837 Y1.14721 E120.3212
G1 F1500 X10.225 Y0.833059 E120.3574
G1 F1500 X11.0891 Y0.5706 E120.3935
G1 F1500 X11.9675 Y0.360793 E120.4296
G1 F1500 X12.8569 Y0.204403 E120.4657
G1 F1500 X13.7542 Y0.102001 E120.5019
G1 F1500 X14.656 Y0.0539594 E120.5380
G1 F1500 X15.559 Y0.0604545 E120.5741
G1 F1500 X16.46 Y0.121462 E120.6102
G1 F1500 X17.3557 Y0.23676 E120.6464
G1 F1500 X18.2428 Y0.405928 E120.6825
G1 F1500 X19.118 Y0.628348 E120.7186
G1 F1500 X19.9782 Y0.903208 E120.7547
G1 F1500 X20.8203 Y1.22951 E120.7908
G1 F1500 X21.6411 Y1.60605 E120.8270
G1 F1500 X22.4377 Y2.03147 E120.8631
G1 F1500 X23.2072 Y2.50421 E120.8992
G1 F1500 X23.9467 Y3.02254 E120.9353
G1 F1500 X24.6535 Y3.58458 E120.9715
G1 F1500 X25.3252 Y4.18827 E121.0076
G1 F1500 X25.9591 Y4.83142 E121.0437
G1 F1500 X26.5531 Y5.51167 E121.0798
G1 F1500 X27.1049 Y6.22653 E121.1159
G1 F1500 X27.6126 Y6.97342 E121.1521
G1 F1500 X28.0742 Y7.74959 E121.1882
G1 F1500 X28.4881 Y8.55222 E121.2243
G1 F1500 X28.8528 Y9.37837 E121.2604
G1 F1500 X29.1669 Y10.225 E121.2966
G1 F1500 X29.4294 Y11.0891 E121.3327
G1 F1500 X29.6392 Y11.9675 E121.3688
G1 F1500 X29.7956 Y12.8569 E121.4049
G1 F1500 X29.898 Y13.7542 E121.4411
G1 F1500 X29.946 Y14.656 E121.4772
G1 F1500 X29.9395 Y15.559 E121.5133
G0 F6000 X31.0887 Y15.602 Z0.4
G1 F1500 X31.0297 Y16.5032 E121.5494
G1 F1500 X30.9202 Y17.3996 E121.5855
G1 F1500 X30.7606 Y18.2885 E121.6217
G1 F1500 X30.5514 Y19.167 E121.6578
G1 F1500 X30.2933 Y20.0324 E121.6939
G1 F1500 X29.9871 Y20.882 E121.7300
G1 F1500 X29.6337 Y21.7131 E121.7662
G1 F1500 X29.2343 Y22.523 E121.8023
G1 F1500 X28.79 Y23.3093 E121.8384
G1 F1500 X28.3024 Y24.0695 E121.8745
G1 F1500 X27.773 Y24.8011 E121.9107
G1 F1500 X27.2033 Y25.5018 E121.9468
G1 F1500 X26.5953 Y26.1696 E121.9829
G1 F1500 X25.9508 Y26.8021 E122.0190
G1 F1500 X25.2718 Y27.3976 E122.0552
G1 F1500 X24.5605 Y27.954 E122.0913
G1 F1500 X23.8191 Y28.4697 E122.1274
G1 F1500 X23.05 Y28.943 E122.1635
G1 F1500 X22.2555 Y29.3724 E122.1996
G1 F1500 X21.4383 Y29.7567 E122.2358
G1 F1500 X20.6007 Y30.0944 E122.2719
G1 F1500 X19.7456 Y30.3847 E122.3080
G1 F1500 X18.8755 Y30.6266 E122.3441
G1 F1500 X17.9932 Y30.8193 E122.3803
G1 F1500 X17.1015 Y30.9623 E122.4164
G1 F1500 X16.2032 Y31.055 E122.4525
G1 F1500 X15.3011 Y31.0972 E122.4886
G1 F1500 X14.398 Y31.0887 E122.5248
G1 F1500 X13.4968 Y31.0297 E122.5609
G1 F1500 X12.6004 Y30.9202 E122.5970
G1 F1500 X11.7115 Y30.7606 E122.6331
G1 F1500 X10.833 Y30.5514 E122.6693
G1 F1500 X9.96759 Y30.2933 E122.7054
G1 F1500 X9.11801 Y29.9871 E122.7415
G1 F1500 X8.28693 Y29.6337 E122.7776
G1 F1500 X7.47698 Y29.2343 E122.8137
G1 F1500 X6.69069 Y28.79 E122.8499
G1 F1500 X5.93055 Y28.3024 E122.8860
G1 F1500 X5.19894 Y27.773 E122.9221
G1 F1500 X4.49817 Y27.2033 E122.9582
G1 F1500 X3.83045 Y26.5953 E122.9944
G1 F1500 X3.19786 Y25.9508 E123.0305
G1 F1500 X2.60242 Y25.2718 E123.0666
G1 F1500 X2.04598 Y24.5605 E123.1027
G1 F1500 X1.53029 Y23.8191 E123.1389
G1 F1500 X1.05699 Y23.05 E123.1750
G1 F1500 X0.627559 Y22.2555 E123.2111
G1 F1500 X0.243348 Y21.4383 E123.2472
G1 F1500 X-0.0944336 Y20.6007 E123.2834
G1 F1500 X-0.384722 Y19.7456 E123.3195
G1 F1500 X-0.626605 Y18.8755 E123.3556
G1 F1500 X-0.81932 Y17.9932 E123.3917
G1 F1500 X-0.962262 Y17.1015 E123.4278
G1 F1500 X-1.05498 Y16.2032 E123.4640
G1 F1500 X-1.09719 Y15.3011 E123.5001
G1 F1500 X-1.08874 Y14.398 E123.5362
G1 F1500 X-1.02968 Y13.4968 E123.5723
G1 F1500 X-0.920176 Y12.6004 E123.6085
G1 F1500 X-0.760585 Y11.7115 E123.6446
G1 F1500 X-0.551406 Y10.833 E123.6807
G1 F1500 X-0.293296 Y9.96759 E123.7168
G1 F1500 X0.0129326 Y9.11801 E123.7530
G1 F1500 X0.366316 Y8.28693 E123.7891
G1 F1500 X0.765742 Y7.47698 E123.8252
G1 F1500 X1.20995 Y6.69069 E123.8613
G1 F1500 X1.69756 Y5.93055 E123.8975
G1 F1500 X2.22701 Y5.19894 E123.9336
G1 F1500 X2.79666 Y4.49817 E123.9697
G1 F1500 X3.4047 Y3.83045 E124.0058
G1 F1500 X4.04922 Y3.19786 E124.0420
G1 F1500 X4.7282 Y2.60242 E124.0781
G1 F1500 X5.4395 Y2.04598 E124.1142
G1 F1500 X6.18087 Y1.53029 E124.1503
G1 F1500 X6.95 Y1.05699 E124.1864
G1 F1500 X7.74445 Y0.627559 E124.2226
G1 F1500 X8.56174 Y0.243348 E124.2587
G1 F1500 X9.39928 Y-0.0944336 E124.2948
G1 F1500 X10.2544 Y-0.384722 E124.3309
G1 F1500 X11.1245 Y-0.626605 E124.3671
G1 F1500 X12.0068 Y-0.81932 E124.4032
G1 F1500 X12.8985 Y-0.962262 E124.4393
G1 F1500 X13.7968 Y-1.05498 E124.4754
G1 F1500 X14.6989 Y-1.09719 E124.5116
G1 F1500 X15.602 Y-1.08874 E124.5477
G1 F1500 X16.5032 Y-1.02968 E124.5838
G1 F1500 X17.3996 Y-0.920176 E124.6199
G1 F1500 X18.2885 Y-0.760585 E124.6561
G1 F1500 X19.167 Y-0.551406 E124.6922
G1 F1500 X20.0324 Y-0.293296 E124.7283
G1 F1500 X20.882 Y0.0129326 E124.7644
G1 F1500 X21.7131 Y0.366316 E124.8005
G1 F1500 X22.523 Y0.765742 E124.8367
G1 F1500 X23.3093 Y1.20995 E124.8728
G1 F1500 X24.0695 Y1.69756 E124.9089
G1 F1500 X24.8011 Y2.22701 E124.9450
G1 F1500 X25.5018 Y2.79666 E124.9812
G1 F1500 X26.1696 Y3.4047 E125.0173
G1 F1500 X26.8021 Y4.04922 E125.0534
G1 F1500 X27.3976 Y4.7282 E125.0895
G1 F1500 X27.954 Y5.4395 E125.1257
G1 F1500 X28.4697 Y6.18087 E125.1618
G1 F1500 X28.943 Y6.95 E125.1979
G1 F1500 X29.3724 Y7.74445 E125.2340
G1 F1500 X29.7567 Y8.56174 E125.2702
G1 F1500 X30.0944 Y9.39928 E125.3063
G1 F1500 X30.3847 Y10.2544 E125.3424
G1 F1500 X30.6266 Y11.1245 E125.3785
G1 F1500 X30.8193 Y12.0068 E125.4146
G1 F1500 X30.9623 Y12.8985 E125.4508
G1 F1500 X31.055 Y13.7968 E125.4869
G1 F1500 X31.0972 Y14.6989 E125.5230
G1 F1500 X31.0887 Y15.602 E125.5591
G0 F6000 X32.2379 Y15.645 Z0.4
G1 F1500 X32.1806 Y16.5463 E125.5953
G1 F1500 X32.0761 Y17.4433 E125.6314
G1 F1500 X31.9248 Y18.3337 E125.6675
G1 F1500 X31.7271 Y19.2149 E125.7036
G1 F1500 X31.4836 Y20.0845 E125.7398
G1 F1500 X31.1949 Y20.9402 E125.7759
G1 F1500 X30.8619 Y21.7797 E125.8120
G1 F1500 X30.4853 Y22.6005 E125.8481
G1 F1500 X30.0663 Y23.4006 E125.8843
G1 F1500 X29.606 Y24.1776 E125.9204
G1 F1500 X29.1057 Y24.9294 E125.9565
G1 F1500 X28.5667 Y25.654 E125.9926
G1 F1500 X27.9905 Y26.3494 E126.0288
G1 F1500 X27.3787 Y27.0138 E126.0649
G1 F1500 X26.733 Y27.6451 E126.1010
G1 F1500 X26.0551 Y28.2419 E126.1371
G1 F1500 X25.3469 Y28.8023 E126.1733
G1 F1500 X24.6104 Y29.3249 E126.2094
G1 F1500 X23.8475 Y29.8082 E126.2455
G1 F1500 X23.0604 Y30.251 E126.2816
G1 F1500 X22.2512 Y30.6519 E126.3177
G1 F1500 X21.4221 Y31.01 E126.3539
G1 F1500 X20.5754 Y31.3241 E126.3900
G1 F1500 X19.7134 Y31.5936 E126.4261
G1 F1500 X18.8385 Y31.8175 E126.4622
G1 F1500 X17.9531 Y31.9953 E126.4984
G1 F1500 X17.0596 Y32.1266 E126.5345
G1 F1500 X16.1604 Y32.2109 E126.5706
G1 F1500 X15.258 Y32.2481 E126.6067
G1 F1500 X14.355 Y32.2379 E126.6429
G1 F1500 X13.4537 Y32.1806 E126.6790
G1 F1500 X12.5567 Y32.0761 E126.7151
G1 F1500 X11.6663 Y31.9248 E126.7512
G1 F1500 X10.7851 Y31.7271 E126.7874
G1 F1500 X9.91547 Y31.4836 E126.8235
G1 F1500 X9.05975 Y31.1949 E126.8596
G1 F1500 X8.22032 Y30.8619 E126.8957
G1 F1500 X7.39946 Y30.4853 E126.9319
G1 F1500 X6.59944 Y30.0663 E126.9680
G1 F1500 X5.82245 Y29.606 E127.0041
G1 F1500 X5.07061 Y29.1057 E127.0402
G1 F1500 X4.34598 Y28.5667 E127.0764
G1 F1500 X3.65056 Y27.9905 E127.1125
G1 F1500 X2.98624 Y27.3787 E127.1486
G1 F1500 X2.35486 Y26.733 E127.1847
G1 F1500 X1.75813 Y26.0551 E127.2209
G1 F1500 X1.1977 Y25.3469 E127.2570
G1 F1500 X0.675096 Y24.6104 E127.2931
G1 F1500 X0.191758 Y23.8475 E127.3292
G1 F1500 X-0.250991 Y23.0604 E127.3654
G1 F1500 X-0.651937 Y22.2512 E127.4015
G1 F1500 X-1.00998 Y21.4221 E127.4376
G1 F1500 X-1.32415 Y20.5754 E127.4737
G1 F1500 X-1.59357 Y19.7134 E127.5098
G1 F1500 X-1.81751 Y18.8385 E127.5460
G1 F1500 X-1.99535 Y17.9531 E127.5821
G1 F1500 X-2.12661 Y17.0596 E127.6182
G1 F1500 X-2.21093 Y16.1604 E127.6543
G1 F1500 X-2.24807 Y15.258 E127.6905
G1 F1500 X-2.23794 Y14.355 E127.7266
G1 F1500 X-2.18056 Y13.4537 E127.7627
G1 F1500 X-2.07609 Y12.5567 E127.7988
G1 F1500 X-1.92481 Y11.6663 E127.8350
G1 F1500 X-1.72714 Y10.7851 E127.8711
G1 F1500 X-1.48363 Y9.91547 E127.9072
G1 F1500 X-1.19494 Y9.05975 E127.9433
G1 F1500 X-0.861854 Y8.22032 E127.9795
G1 F1500 X-0.485295 Y7.39946 E128.0156
G1 F1500 X-0.0662915 Y6.59944 E128.0517
G1 F1500 X0.394008 Y5.82245 E128.0878
G1 F1500 X0.894341 Y5.07061 E128.1240
G1 F1500 X1.43334 Y4.34598 E128.1601
G1 F1500 X2.00952 Y3.65056 E128.1962
G1 F1500 X2.6213 Y2.98624 E128.2323
G1 F1500 X3.26702 Y2.35486 E128.2685
G1 F1500 X3.9449 Y1.75813 E128.3046
G1 F1500 X4.65307 Y1.1977 E128.3407
G1 F1500 X5.38961 Y0.675096 E128.3768
G1 F1500 X6.15249 Y0.191758 E128.4130
G1 F1500 X6.93962 Y-0.250991 E128.4491
G1 F1500 X7.74884 Y-0.651937 E128.4852
G1 F1500 X8.57793 Y-1.00998 E128.5213
G1 F1500 X9.42463 Y-1.32415 E128.5574
G1 F1500 X10.2866 Y-1.59357 E128.5936
G1 F1500 X11.1615 Y-1.81751 E128.6297
G1 F1500 X12.0469 Y-1.99535 E128.6658
G1 F1500 X12.9404 Y-2.12661 E128.7019
G1 F1500 X13.8396 Y-2.21093 E128.7381
G1 F1500 X14.742 Y-2.24807 E128.7742
G1 F1500 X15.645 Y-2.23794 E128.8103
G1 F1500 X16.5463 Y-2.18056 E128.8464
G1 F1500 X17.4433 Y-2.07609 E128.8826
G1 F1500 X18.3337 Y-1.92481 E128.9187
G1 F1500 X19.2149 Y-1.72714 E128.9548
G1 F1500 X20.0845 Y-1.48363 E128.9909
G1 F1500 X20.9402 Y-1.19494 E129.0271
G1 F1500 X21.7797 Y-0.861854 E129.0632
G1 F1500 X22.6005 Y-0.485295 E129.0993
G1 F1500 X23.4006 Y-0.0662915 E129.1354
G1 F1500 X24.1776 Y0.394008 E129.1716
G1 F1500 X24.9294 Y0.894341 E129.2077
G1 F1500 X25.654 Y1.43334 E129.2438
G1 F1500 X26.3494 Y2.00952 E129.2799
G1 F1500 X27.0138 Y2.6213 E129.3161
G1 F1500 X27.6451 Y3.26702 E129.3522
G1 F1500 X28.2419 Y3.9449 E129.3883
G1 F1500 X28.8023 Y4.65307 E129.4244
G1 F1500 X29.3249 Y5.38961 E129.4606
G1 F1500 X29.8082 Y6.15249 E129.4967
G1 F1500 X30.251 Y6.93962 E129.5328
G1 F1500 X30.6519 Y7.74884 E129.5689
G1 F1500 X31.01 Y8.57793 E129.6050
G1 F1500 X31.3241 Y9.42463 E129.6412
G1 F1500 X31.5936 Y10.2866 E129.6773
G1 F1500 X31.8175 Y11.1615 E129.7134
G1 F1500 X31.9953 Y12.0469 E129.7495
G1 F1500 X32.1266 Y12.9404 E129.7857
G1 F1500 X32.2109 Y13.8396 E129.8218
G1 F1500 X32.2481 Y14.742 E129.8579
G1 F1500 X32.2379 Y15.645 E129.8940
G0 F6000 X33.3871 Y15.688 Z0.4
G1 F1500 X33.3312 Y16.5894 E129.9302
G1 F1500 X33.2312 Y17.4869 E129.9663
G1 F1500 X33.0872 Y18.3785 E130.0024
G1 F1500 X32.8996 Y19.2619 E130.0385
G1 F1500 X32.6689 Y20.1351 E130.0747
G1 F1500 X32.3957 Y20.9959 E130.1108
G1 F1500 X32.0805 Y21.8422 E130.1469
G1 F1500 X31.7242 Y22.6721 E130.1830
G1 F1500 X31.3276 Y23.4835 E130.2192
G1 F1500 X30.8917 Y24.2744 E130.2553
G1 F1500 X30.4175 Y25.043 E130.2914
G1 F1500 X29.9061 Y25.7874 E130.3275
G1 F1500 X29.3588 Y26.5058 E130.3637
G1 F1500 X28.777 Y27.1965 E130.3998
G1 F1500 X28.1619 Y27.8578 E130.4359
G1 F1500 X27.5152 Y28.4882 E130.4720
G1 F1500 X26.8383 Y29.086 E130.5082
G1 F1500 X26.1328 Y29.6499 E130.5443
G1 F1500 X25.4006 Y30.1785 E130.5804
G1 F1500 X24.6433 Y30.6706 E130.6165
G1 F1500 X23.8628 Y31.1249 E130.6527
G1 F1500 X23.0609 Y31.5403 E130.6888
G1 F1500 X22.2396 Y31.9159 E130.7249
G1 F1500 X21.4008 Y32.2508 E130.7610
G1 F1500 X20.5467 Y32.5441 E130.7972
G1 F1500 X19.6791 Y32.7951 E130.8333
G1 F1500 X18.8003 Y33.0033 E130.8694
G1 F1500 X17.9124 Y33.1681 E130.9055
G1 F1500 X17.0174 Y33.2891 E130.9417
G1 F1500 X16.1176 Y33.366 E130.9778
G1 F1500 X15.215 Y33.3987 E131.0139
G1 F1500 X14.312 Y33.3871 E131.0500
G1 F1500 X13.4106 Y33.3312 E131.0862
G1 F1500 X12.5131 Y33.2312 E131.1223
G1 F1500 X11.6215 Y33.0872 E131.1584
G1 F1500 X10.7381 Y32.8996 E131.1945
G1 F1500 X9.86491 Y32.6689 E131.2307
G1 F1500 X9.00412 Y32.3957 E131.2668
G1 F1500 X8.15778 Y32.0805 E131.3029
G1 F1500 X7.32792 Y31.7242 E131.3390
G1 F1500 X6.51654 Y31.3276 E131.3752
G1 F1500 X5.72561 Y30.8917 E131.4113
G1 F1500 X4.95701 Y30.4175 E131.4474
G1 F1500 X4.21261 Y29.9061 E131.4835
G1 F1500 X3.49419 Y29.3588 E131.5197
G1 F1500 X2.8035 Y28.777 E131.5558
G1 F1500 X2.14218 Y28.1619 E131.5919
G1 F1500 X1.51185 Y27.5152 E131.6280
G1 F1500 X0.914002 Y26.8383 E131.6642
G1 F1500 X0.350093 Y26.1328 E131.7003
G1 F1500 X-0.178524 Y25.4006 E131.7364
G1 F1500 X-0.670574 Y24.6433 E131.7725
G1 F1500 X-1.12487 Y23.8628 E131.8087
G1 F1500 X-1.54032 Y23.0609 E131.8448
G1 F1500 X-1.91593 Y22.2396 E131.8809
G1 F1500 X-2.25078 Y21.4008 E131.9170
G1 F1500 X-2.54408 Y20.5467 E131.9532
G1 F1500 X-2.7951 Y19.6791 E131.9893
G1 F1500 X-3.00326 Y18.8003 E132.0254
G1 F1500 X-3.16805 Y17.9124 E132.0615
G1 F1500 X-3.28907 Y17.0174 E132.0976
G1 F1500 X-3.36603 Y16.1176 E132.1338
G1 F1500 X-3.39874 Y15.215 E132.1699
G1 F1500 X-3.38713 Y14.312 E132.2060
G1 F1500 X-3.33123 Y13.4106 E132.2421
G1 F1500 X-3.23116 Y12.5131 E132.2783
G1 F1500 X-3.08717 Y11.6215 E132.3144
G1 F1500 X-2.89961 Y10.7381 E132.3505
G1 F1500 X-2.66892 Y9.86491 E132.3866
G1 F1500 X-2.39567 Y9.00412 E132.4228
G1 F1500 X-2.08052 Y8.15778 E132.4589
G1 F1500 X-1.72421 Y7.32792 E132.4950
G1 F1500 X-1.32761 Y6.51654 E132.5311
G1 F1500 X-0.891684 Y5.72561 E132.5673
G1 F1500 X-0.417468 Y4.95701 E132.6034
G1 F1500 X0.0938889 Y4.21261 E132.6395
G1 F1500 X0.641156 Y3.49419 E132.6756
G1 F1500 X1.22302 Y2.8035 E132.7118
G1 F1500 X1.83806 Y2.14218 E132.7479
G1 F1500 X2.48482 Y1.51185 E132.7840
G1 F1500 X3.16173 Y0.914002 E132.8201
G1 F1500 X3.86716 Y0.350093 E132.8563
G1 F1500 X4.5994 Y-0.178524 E132.8924
G1 F1500 X5.35671 Y-0.670574 E132.9285
G1 F1500 X6.13724 Y-1.12487 E132.9646
G1 F1500 X6.93913 Y-1.54032 E133.0008
G1 F1500 X7.76043 Y-1.91593 E133.0369
G1 F1500 X8.59918 Y-2.25078 E133.0730
G1 F1500 X9.45334 Y-2.54408 E133.1091
G1 F1500 X10.3209 Y-2.7951 E133.1453
G1 F1500 X11.1997 Y-3.00326 E133.1814
G1 F1500 X12.0876 Y-3.16805 E133.2175
G1 F1500 X12.9826 Y-3.28907 E133.2536
G1 F1500 X13.8824 Y-3.36603 E133.2898
G1 F1500 X14.785 Y-3.39874 E133.3259
G1 F1500 X15.688 Y-3.38713 E133.3620
G1 F1500 X16.5894 Y-3.33123 E133.3981
G1 F1500 X17.4869 Y-3.23116 E133.4343
G1 F1500 X18.3785 Y-3.08717 E133.4704
G1 F1500 X19.2619 Y-2.89961 E133.5065
G1 F1500 X20.1351 Y-2.66892 E133.5426
G1 F1500 X20.9959 Y-2.39567 E133.5788
G1 F1500 X21.8422 Y-2.08052 E133.6149
G1 F1500 X22.6721 Y-1.72421 E133.6510
G1 F1500 X23.4835 Y-1.32761 E133.6871
G1 F1500 X24.2744 Y-0.891684 E133.7233
G1 F1500 X25.043 Y-0.417468 E133.7594
G1 F1500 X25.7874 Y0.0938889 E133.7955
G1 F1500 X26.5058 Y0.641156 E133.8316
G1 F1500 X27.1965 Y1.22302 E133.8678
G1 F1500 X27.8578 Y1.83806 E133.9039
G1 F1500 X28.4882 Y2.48482 E133.9400
G1 F1500 X29.086 Y3.16173 E133.9761
G1 F1500 X29.6499 Y3.86716 E134.0123
G1 F1500 X30.1785 Y4.5994 E134.0484
G1 F1500 X30.6706 Y5.35671 E134.0845
G1 F1500 X31.1249 Y6.13724 E134.1206
G1 F1500 X31.5403 Y6.93913 E134.1568
G1 F1500 X31.9159 Y7.76043 E134.1929
G1 F1500 X32.2508 Y8.59918 E134.2290
G1 F1500 X32.5441 Y9.45334 E134.2651
G1 F1500 X32.7951 Y10.3209 E134.3013
G1 F1500 X33.0033 Y11.1997 E134.3374
G1 F1500 X33.1681 Y12.0876 E134.3735
G1 F1500 X33.2891 Y12.9826 E134.4096
G1 F1500 X33.366 Y13.8824 E134.4458
G1 F1500 X33.3987 Y14.785 E134.4819
G1 F1500 X33.3871 Y15.688 E134.5180
G0 F6000 X34.5363 Y15.731 Z0.4
G1 F1500 X34.4817 Y16.6325 E134.5541
G1 F1500 X34.3855 Y17.5305 E134.5903
G1 F1500 X34.248 Y18.4231 E134.6264
G1 F1500 X34.0694 Y19.3083 E134.6625
G1 F1500 X33.85 Y20.1844 E134.6986
G1 F1500 X33.5905 Y21.0495 E134.7348
G1 F1500 X33.2913 Y21.9016 E134.7709
G1 F1500 X32.953 Y22.739 E134.8070
G1 F1500 X32.5764 Y23.5598 E134.8431
G1 F1500 X32.1624 Y24.3625 E134.8793
G1 F1500 X31.7117 Y25.1451 E134.9154
G1 F1500 X31.2253 Y25.9061 E134.9515
G1 F1500 X30.7043 Y26.6438 E134.9876
G1 F1500 X30.1498 Y27.3566 E135.0238
G1 F1500 X29.563 Y28.0431 E135.0599
G1 F1500 X28.9451 Y28.7018 E135.0960
G1 F1500 X28.2974 Y29.3312 E135.1321
G1 F1500 X27.6213 Y29.93 E135.1683
G1 F1500 X26.9183 Y30.497 E135.2044
G1 F1500 X26.1899 Y31.0309 E135.2405
G1 F1500 X25.4376 Y31.5305 E135.2766
G1 F1500 X24.663 Y31.9949 E135.3128
G1 F1500 X23.8678 Y32.4231 E135.3489
G1 F1500 X23.0537 Y32.814 E135.3850
G1 F1500 X22.2224 Y33.167 E135.4211
G1 F1500 X21.3757 Y33.4812 E135.4573
G1 F1500 X20.5154 Y33.7559 E135.4934
G1 F1500 X19.6433 Y33.9906 E135.5295
G1 F1500 X18.7613 Y34.1848 E135.5656
G1 F1500 X17.8712 Y34.338 E135.6018
G1 F1500 X16.9751 Y34.45 E135.6379
G1 F1500 X16.0747 Y34.5204 E135.6740
G1 F1500 X15.172 Y34.5492 E135.7101
G1 F1500 X14.269 Y34.5363 E135.7463
G1 F1500 X13.3675 Y34.4817 E135.7824
G1 F1500 X12.4695 Y34.3855 E135.8185
G1 F1500 X11.5769 Y34.248 E135.8546
G1 F1500 X10.6917 Y34.0694 E135.8908
G1 F1500 X9.81557 Y33.85 E135.9269
G1 F1500 X8.95054 Y33.5905 E135.9630
G1 F1500 X8.09842 Y33.2913 E135.9991
G1 F1500 X7.26103 Y32.953 E136.0353
G1 F1500 X6.44015 Y32.5764 E136.0714
G1 F1500 X5.63755 Y32.1624 E136.1075
G1 F1500 X4.85492 Y31.7117 E136.1436
G1 F1500 X4.09394 Y31.2253 E136.1798
G1 F1500 X3.35624 Y30.7043 E136.2159
G1 F1500 X2.64338 Y30.1498 E136.2520
G1 F1500 X1.9569 Y29.563 E136.2881
G1 F1500 X1.29825 Y28.9451 E136.3243
G1 F1500 X0.668836 Y28.2974 E136.3604
G1 F1500 X0.0700088 Y27.6213 E136.3965
G1 F1500 X-0.496957 Y26.9183 E136.4326
G1 F1500 X-1.03085 Y26.1899 E136.4688
G1 F1500 X-1.53054 Y25.4376 E136.5049
G1 F1500 X-1.99494 Y24.663 E136.5410
G1 F1500 X-2.42308 Y23.8678 E136.5771
G1 F1500 X-2.81404 Y23.0537 E136.6133
G1 F1500 X-3.16698 Y22.2224 E136.6494
G1 F1500 X-3.48115 Y21.3757 E136.6855
G1 F1500 X-3.75588 Y20.5154 E136.7216
G1 F1500 X-3.99059 Y19.6433 E136.7578
G1 F1500 X-4.18477 Y18.7613 E136.7939
G1 F1500 X-4.33801 Y17.8712 E136.8300
G1 F1500 X-4.44998 Y16.9751 E136.8661
G1 F1500 X-4.52044 Y16.0747 E136.9023
G1 F1500 X-4.54924 Y15.172 E136.9384
G1 F1500 X-4.53633 Y14.269 E136.9745
G1 F1500 X-4.48172 Y13.3675 E137.0106
G1 F1500 X-4.38554 Y12.4695 E137.0468
G1 F1500 X-4.24799 Y11.5769 E137.0829
G1 F1500 X-4.06937 Y10.6917 E137.1190
G1 F1500 X-3.85004 Y9.81557 E137.1551
G1 F1500 X-3.59049 Y8.95054 E137.1913
G1 F1500 X-3.29127 Y8.09842 E137.2274
G1 F1500 X-2.95302 Y7.26103 E137.2635
G1 F1500 X-2.57645 Y6.44015 E137.2996
G1 F1500 X-2.16237 Y5.63755 E137.3358
G1 F1500 X-1.71167 Y4.85492 E137.3719
G1 F1500 X-1.2253 Y4.09394 E137.4080
G1 F1500 X-0.704308 Y3.35624 E137.4441
G1 F1500 X-0.149802 Y2.64338 E137.4803
G1 F1500 X0.437034 Y1.9569 E137.5164
G1 F1500 X1.05495 Y1.29825 E137.5525
G1 F1500 X1.70262 Y0.668836 E137.5886
G1 F1500 X2.37867 Y0.0700088 E137.6248
G1 F1500 X3.08166 Y-0.496957 E137.6609
G1 F1500 X3.81008 Y-1.03085 E137.6970
G1 F1500 X4.56238 Y-1.53054 E137.7331
G1 F1500 X5.33696 Y-1.99494 E137.7693
G1 F1500 X6.13215 Y-2.42308 E137.8054
G1 F1500 X6.94627 Y-2.81404 E137.8415
G1 F1500 X7.77758 Y-3.16698 E137.8776
G1 F1500 X8.6243 Y-3.48115 E137.9138
G1 F1500 X9.48463 Y-3.75588 E137.9499
G1 F1500 X10.3567 Y-3.99059 E137.9860
G1 F1500 X11.2387 Y-4.18477 E138.0221
G1 F1500 X12.1288 Y-4.33801 E138.0583
G1 F1500 X13.0249 Y-4.44998 E138.0944
G1 F1500 X13.9253 Y-4.52044 E138.1305
G1 F1500 X14.828 Y-4.54924 E138.1666
G1 F1500 X15.731 Y-4.53633 E138.2028
G1 F1500 X16.6325 Y-4.48172 E138.2389
G1 F1500 X17.5305 Y-4.38554 E138.2750
G1 F1500 X18.4231 Y-4.24799 E138.3111
G1 F1500 X19.3083 Y-4.06937 E138.3473
G1 F1500 X20.1844 Y-3.85004 E138.3834
G1 F1500 X21.0495 Y-3.59049 E138.4195
G1 F1500 X21.9016 Y-3.29127 E138.4556
G1 F1500 X22.739 Y-2.95302 E138.4918
G1 F1500 X23.5598 Y-2.57645 E138.5279
G1 F1500 X24.3625 Y-2.16237 E138.5640
G1 F1500 X25.1451 Y-1.71167 E138.6001
G1 F1500 X25.9061 Y-1.2253 E138.6363
G1 F1500 X26.6438 Y-0.704308 E138.6724
G1 F1500 X27.3566 Y-0.149802 E138.7085
G1 F1500 X28.0431 Y0.437034 E138.7446
G1 F1500 X28.7018 Y1.05495 E138.7808
G1 F1500 X29.3312 Y1.70262 E138.8169
G1 F1500 X29.93 Y2.37867 E138.8530
G1 F1500 X30.497 Y3.08166 E138.8891
G1 F1500 X31.0309 Y3.81008 E138.9253
G1 F1500 X31.5305 Y4.56238 E138.9614
G1 F1500 X31.9949 Y5.33696 E138.9975
G1 F1500 X32.4231 Y6.13215 E139.0336
G1 F1500 X32.814 Y6.94627 E139.0698
G1 F1500 X33.167 Y7.77758 E139.1059
G1 F1500 X33.4812 Y8.6243 E139.1420
G1 F1500 X33.7559 Y9.48463 E139.1781
G1 F1500 X33.9906 Y10.3567 E139.2143
G1 F1500 X34.1848 Y11.2387 E139.2504
G1 F1500 X34.338 Y12.1288 E139.2865
G1 F1500 X34.45 Y13.0249 E139.3226
G1 F1500 X34.5204 Y13.9253 E139.3588
G1 F1500 X34.5492 Y14.828 E139.3949
G1 F1500 X34.5363 Y15.731 E139.4310
G0 F6000 X35.6855 Y15.774 Z0.4
G1 F1500 X35.6326 Y16.6693 E139.4669
G1 F1500 X35.5409 Y17.5616 E139.5028
G1 F1500 X35.4107 Y18.449 E139.5386
G1 F1500 X35.2421 Y19.3299 E139.5745
G1 F1500 X35.0355 Y20.2027 E139.6104
G1 F1500 X34.7913 Y21.0657 E139.6463
G1 F1500 X34.51 Y21.9174 E139.6822
G1 F1500 X34.192 Y22.756 E139.7180
G1 F1500 X33.838 Y23.5801 E139.7539
G1 F1500 X33.4487 Y24.3881 E139.7898
G1 F1500 X33.0247 Y25.1784 E139.8257
G1 F1500 X32.5668 Y25.9497 E139.8615
G1 F1500 X32.076 Y26.7004 E139.8974
G1 F1500 X31.5532 Y27.4291 E139.9333
G1 F1500 X30.9992 Y28.1345 E139.9692
G1 F1500 X30.4152 Y28.8153 E140.0050
G1 F1500 X29.8023 Y29.4701 E140.0409
G1 F1500 X29.1616 Y30.0977 E140.0768
G1 F1500 X28.4943 Y30.697 E140.1127
G1 F1500 X27.8016 Y31.2668 E140.1485
G1 F1500 X27.0849 Y31.8061 E140.1844
G1 F1500 X26.3456 Y32.3138 E140.2203
G1 F1500 X25.5849 Y32.789 E140.2562
G1 F1500 X24.8044 Y33.2309 E140.2920
G1 F1500 X24.0054 Y33.6385 E140.3279
G1 F1500 X23.1896 Y34.0111 E140.3638
G1 F1500 X22.3584 Y34.348 E140.3997
G1 F1500 X21.5133 Y34.6486 E140.4356
G1 F1500 X20.6561 Y34.9123 E140.4714
G1 F1500 X19.7882 Y35.1386 E140.5073
G1 F1500 X18.9113 Y35.3271 E140.5432
G1 F1500 X18.0271 Y35.4775 E140.5791
G1 F1500 X17.1372 Y35.5894 E140.6149
G1 F1500 X16.2433 Y35.6626 E140.6508
G1 F1500 X15.347 Y35.6971 E140.6867
G1 F1500 X14.4501 Y35.6927 E140.7226
G1 F1500 X13.5543 Y35.6495 E140.7584
G1 F1500 X12.6611 Y35.5674 E140.7943
G1 F1500 X11.7724 Y35.4468 E140.8302
G1 F1500 X10.8897 Y35.2878 E140.8661
G1 F1500 X10.0147 Y35.0907 E140.9019
G1 F1500 X9.14904 Y34.8559 E140.9378
G1 F1500 X8.2944 Y34.5838 E140.9737
G1 F1500 X7.45235 Y34.2749 E141.0096
G1 F1500 X6.62447 Y33.9299 E141.0455
G1 F1500 X5.81232 Y33.5493 E141.0813
G1 F1500 X5.01741 Y33.1339 E141.1172
G1 F1500 X4.24124 Y32.6844 E141.1531
G1 F1500 X3.48527 Y32.2018 E141.1890
G1 F1500 X2.75092 Y31.6868 E141.2248
G1 F1500 X2.03957 Y31.1405 E141.2607
G1 F1500 X1.35255 Y30.564 E141.2966
G1 F1500 X0.691145 Y29.9582 E141.3325
G1 F1500 X0.0566072 Y29.3243 E141.3683
G1 F1500 X-0.549875 Y28.6635 E141.4042
G1 F1500 X-1.12716 Y27.9771 E141.4401
G1 F1500 X-1.67418 Y27.2663 E141.4760
G1 F1500 X-2.18989 Y26.5325 E141.5118
G1 F1500 X-2.67332 Y25.777 E141.5477
G1 F1500 X-3.12358 Y25.0013 E141.5836
G1 F1500 X-3.53981 Y24.2068 E141.6195
G1 F1500 X-3.92123 Y23.3951 E141.6554
G1 F1500 X-4.26714 Y22.5675 E141.6912
G1 F1500 X-4.57687 Y21.7258 E141.7271
G1 F1500 X-4.84984 Y20.8714 E141.7630
G1 F1500 X-5.08555 Y20.0061 E141.7989
G1 F1500 X-5.28355 Y19.1313 E141.8347
G1 F1500 X-5.44348 Y18.2487 E141.8706
G1 F1500 X-5.56502 Y17.3601 E141.9065
G1 F1500 X-5.64795 Y16.467 E141.9424
G1 F1500 X-5.69212 Y15.5712 E141.9782
G1 F1500 X-5.69744 Y14.6743 E142.0141
G1 F1500 X-5.6639 Y13.778 E142.0500
G1 F1500 X-5.59157 Y12.8841 E142.0859
G1 F1500 X-5.48058 Y11.994 E142.1217
G1 F1500 X-5.33114 Y11.1097 E142.1576
G1 F1500 X-5.14353 Y10.2326 E142.1935
G1 F1500 X-4.91811 Y9.36448 E142.2294
G1 F1500 X-4.65529 Y8.50695 E142.2652
G1 F1500 X-4.35556 Y7.6616 E142.3011
G1 F1500 X-4.0195 Y6.83003 E142.3370
G1 F1500 X-3.64774 Y6.0138 E142.3729
G1 F1500 X-3.24096 Y5.21444 E142.4088
G1 F1500 X-2.79994 Y4.43344 E142.4446
G1 F1500 X-2.3255 Y3.67229 E142.4805
G1 F1500 X-1.81854 Y2.93241 E142.5164
G1 F1500 X-1.28 Y2.21518 E142.5523
G1 F1500 X-0.710892 Y1.52195 E142.5881
G1 F1500 X-0.112292 Y0.854024 E142.6240
G1 F1500 X0.51468 Y0.212657 E142.6599
G1 F1500 X1.16885 Y-0.400948 E142.6958
G1 F1500 X1.84898 Y-0.98564 E142.7316
G1 F1500 X2.5538 Y-1.54032 E142.7675
G1 F1500 X3.28199 Y-2.06395 E142.8034
G1 F1500 X4.03218 Y-2.55554 E142.8393
G1 F1500 X4.80296 Y-3.01417 E142.8751
G1 F1500 X5.59288 Y-3.43898 E142.9110
G1 F1500 X6.40047 Y-3.82918 E142.9469
G1 F1500 X7.2242 Y-4.18403 E142.9828
G1 F1500 X8.06252 Y-4.50286 E143.0187
G1 F1500 X8.91388 Y-4.78507 E143.0545
G1 F1500 X9.77665 Y-5.03014 E143.0904
G1 F1500 X10.6492 Y-5.23761 E143.1263
G1 F1500 X11.53 Y-5.40708 E143.1622
G1 F1500 X12.4173 Y-5.53824 E143.1980
G1 F1500 X13.3094 Y-5.63085 E143.2339
G1 F1500 X14.2047 Y-5.68472 E143.2698
G1 F1500 X15.1014 Y-5.69975 E143.3057
G1 F1500 X15.998 Y-5.67593 E143.3415
G1 F1500 X16.8928 Y-5.61328 E143.3774
G1 F1500 X17.7839 Y-5.51194 E143.4133
G1 F1500 X18.6699 Y-5.37209 E143.4492
G1 F1500 X19.5489 Y-5.194 E143.4850
G1 F1500 X20.4194 Y-4.97799 E143.5209
G1 F1500 X21.2797 Y-4.72447 E143.5568
G1 F1500 X22.1283 Y-4.43392 E143.5927
G1 F1500 X22.9635 Y-4.10689 E143.6286
G1 F1500 X23.7837 Y-3.74399 E143.6644
G1 F1500 X24.5874 Y-3.3459 E143.7003
G1 F1500 X25.3731 Y-2.91336 E143.7362
G1 F1500 X26.1394 Y-2.4472 E143.7721
G1 F1500 X26.8847 Y-1.94828 E143.8079
G1 F1500 X27.6077 Y-1.41754 E143.8438
G1 F1500 X28.3071 Y-0.855976 E143.8797
G1 F1500 X28.9814 Y-0.264646 E143.9156
G1 F1500 X29.6296 Y0.355341 E143.9514
G1 F1500 X30.2502 Y1.00282 E143.9873
G1 F1500 X30.8422 Y1.67658 E144.0232
G1 F1500 X31.4045 Y2.37535 E144.0591
G1 F1500 X31.936 Y3.09783 E144.0949
G1 F1500 X32.4357 Y3.84265 E144.1308
G1 F1500 X32.9027 Y4.60841 E144.1667
G1 F1500 X33.336 Y5.39369 E144.2026
G1 F1500 X33.7349 Y6.197 E144.2384
G1 F1500 X34.0987 Y7.01683 E144.2743
G1 F1500 X34.4266 Y7.85166 E144.3102
G1 F1500 X34.718 Y8.6999 E144.3461
G1 F1500 X34.9724 Y9.55998 E144.3820
G1 F1500 X35.1893 Y10.4303 E144.4178
G1 F1500 X35.3683 Y11.3091 E144.4537
G1 F1500 X35.5091 Y12.1949 E144.4896
G1 F1500 X35.6113 Y13.086 E144.5255
G1 F1500 X35.6749 Y13.9806 E144.5613
G1 F1500 X35.6996 Y14.8772 E144.5972
G1 F1500 X35.6855 Y15.774 E144.6331
G0 F6000 X36.8347 Y15.817 Z0.4
G1 F1500 X36.7828 Y16.7127 E144.6690
G1 F1500 X36.6941 Y17.6056 E144.7049
G1 F1500 X36.5688 Y18.494 E144.7408
G1 F1500 X36.4072 Y19.3766 E144.7766
G1 F1500 X36.2095 Y20.2518 E144.8125
G1 F1500 X35.976 Y21.1181 E144.8484
G1 F1500 X35.7071 Y21.9741 E144.8843
G1 F1500 X35.4033 Y22.8184 E144.9202
G1 F1500 X35.0651 Y23.6494 E144.9561
G1 F1500 X34.6931 Y24.4659 E144.9920
G1 F1500 X34.2879 Y25.2664 E145.0279
G1 F1500 X33.8501 Y26.0497 E145.0638
G1 F1500 X33.3806 Y26.8142 E145.0997
G1 F1500 X32.8801 Y27.5589 E145.1355
G1 F1500 X32.3494 Y28.2824 E145.1714
G1 F1500 X31.7895 Y28.9834 E145.2073
G1 F1500 X31.2012 Y29.6609 E145.2432
G1 F1500 X30.5856 Y30.3137 E145.2791
G1 F1500 X29.9438 Y30.9407 E145.3150
G1 F1500 X29.2768 Y31.5408 E145.3509
G1 F1500 X28.5856 Y32.1129 E145.3868
G1 F1500 X27.8716 Y32.6563 E145.4227
G1 F1500 X27.1359 Y33.1698 E145.4586
G1 F1500 X26.3797 Y33.6528 E145.4944
G1 F1500 X25.6043 Y34.1042 E145.5303
G1 F1500 X24.811 Y34.5235 E145.5662
G1 F1500 X24.0012 Y34.9098 E145.6021
G1 F1500 X23.1762 Y35.2626 E145.6380
G1 F1500 X22.3375 Y35.5812 E145.6739
G1 F1500 X21.4863 Y35.865 E145.7098
G1 F1500 X20.6242 Y36.1138 E145.7457
G1 F1500 X19.7527 Y36.3269 E145.7816
G1 F1500 X18.8731 Y36.504 E145.8174
G1 F1500 X17.987 Y36.6449 E145.8533
G1 F1500 X17.0958 Y36.7493 E145.8892
G1 F1500 X16.2011 Y36.817 E145.9251
G1 F1500 X15.3044 Y36.8479 E145.9610
G1 F1500 X14.4072 Y36.842 E145.9969
G1 F1500 X13.511 Y36.7992 E146.0328
G1 F1500 X12.6173 Y36.7197 E146.0687
G1 F1500 X11.7276 Y36.6036 E146.1046
G1 F1500 X10.8434 Y36.451 E146.1405
G1 F1500 X9.96624 Y36.2623 E146.1763
G1 F1500 X9.09756 Y36.0377 E146.2122
G1 F1500 X8.23884 Y35.7776 E146.2481
G1 F1500 X7.39151 Y35.4825 E146.2840
G1 F1500 X6.55702 Y35.1529 E146.3199
G1 F1500 X5.73676 Y34.7893 E146.3558
G1 F1500 X4.93212 Y34.3923 E146.3917
G1 F1500 X4.14446 Y33.9626 E146.4276
G1 F1500 X3.3751 Y33.5009 E146.4635
G1 F1500 X2.62534 Y33.0081 E146.4994
G1 F1500 X1.89646 Y32.4848 E146.5352
G1 F1500 X1.18966 Y31.9321 E146.5711
G1 F1500 X0.506158 Y31.3509 E146.6070
G1 F1500 X-0.152908 Y30.742 E146.6429
G1 F1500 X-0.786422 Y30.1067 E146.6788
G1 F1500 X-1.39332 Y29.4458 E146.7147
G1 F1500 X-1.97257 Y28.7606 E146.7506
G1 F1500 X-2.5232 Y28.0522 E146.7865
G1 F1500 X-3.04429 Y27.3218 E146.8224
G1 F1500 X-3.53494 Y26.5706 E146.8582
G1 F1500 X-3.99435 Y25.7999 E146.8941
G1 F1500 X-4.42172 Y25.011 E146.9300
G1 F1500 X-4.81635 Y24.2052 E146.9659
G1 F1500 X-5.17756 Y23.3838 E147.0018
G1 F1500 X-5.50474 Y22.5484 E147.0377
G1 F1500 X-5.79736 Y21.7002 E147.0736
G1 F1500 X-6.0549 Y20.8407 E147.1095
G1 F1500 X-6.27694 Y19.9714 E147.1454
G1 F1500 X-6.4631 Y19.0937 E147.1813
G1 F1500 X-6.61307 Y18.209 E147.2171
G1 F1500 X-6.72659 Y17.319 E147.2530
G1 F1500 X-6.80348 Y16.4251 E147.2889
G1 F1500 X-6.8436 Y15.5287 E147.3248
G1 F1500 X-6.84689 Y14.6315 E147.3607
G1 F1500 X-6.81334 Y13.7349 E147.3966
G1 F1500 X-6.74301 Y12.8404 E147.4325
G1 F1500 X-6.63602 Y11.9495 E147.4684
G1 F1500 X-6.49254 Y11.0639 E147.5043
G1 F1500 X-6.31282 Y10.1848 E147.5402
G1 F1500 X-6.09716 Y9.31386 E147.5760
G1 F1500 X-5.84593 Y8.4525 E147.6119
G1 F1500 X-5.55955 Y7.60219 E147.6478
G1 F1500 X-5.2385 Y6.76436 E147.6837
G1 F1500 X-4.88332 Y5.94041 E147.7196
G1 F1500 X-4.49461 Y5.13174 E147.7555
G1 F1500 X-4.07303 Y4.33971 E147.7914
G1 F1500 X-3.6193 Y3.56565 E147.8273
G1 F1500 X-3.13416 Y2.81088 E147.8632
G1 F1500 X-2.61845 Y2.07665 E147.8990
G1 F1500 X-2.07302 Y1.36422 E147.9349
G1 F1500 X-1.49881 Y0.674787 E147.9708
G1 F1500 X-0.896779 Y0.00950563 E148.0067
G1 F1500 X-0.267941 Y-0.630498 E148.0426
G1 F1500 X0.386642 Y-1.24415 E148.0785
G1 F1500 X1.06587 Y-1.8304 E148.1144
G1 F1500 X1.76859 Y-2.38828 E148.1503
G1 F1500 X2.49362 Y-2.91683 E148.1862
G1 F1500 X3.23974 Y-3.41518 E148.2221
G1 F1500 X4.00569 Y-3.88247 E148.2579
G1 F1500 X4.79018 Y-4.31792 E148.2938
G1 F1500 X5.59189 Y-4.7208 E148.3297
G1 F1500 X6.40946 Y-5.09042 E148.3656
G1 F1500 X7.24151 Y-5.42617 E148.4015
G1 F1500 X8.08665 Y-5.72747 E148.4374
G1 F1500 X8.94345 Y-5.99382 E148.4733
G1 F1500 X9.81045 Y-6.22478 E148.5092
G1 F1500 X10.6862 Y-6.41994 E148.5451
G1 F1500 X11.5692 Y-6.57898 E148.5810
G1 F1500 X12.4581 Y-6.70164 E148.6168
G1 F1500 X13.3512 Y-6.7877 E148.6527
G1 F1500 X14.2471 Y-6.83702 E148.6886
G1 F1500 X15.1442 Y-6.84952 E148.7245
G1 F1500 X16.0411 Y-6.82518 E148.7604
G1 F1500 X16.9363 Y-6.76404 E148.7963
G1 F1500 X17.8282 Y-6.66619 E148.8322
G1 F1500 X18.7153 Y-6.53182 E148.8681
G1 F1500 X19.5961 Y-6.36113 E148.9040
G1 F1500 X20.4693 Y-6.15443 E148.9398
G1 F1500 X21.3331 Y-5.91205 E148.9757
G1 F1500 X22.1863 Y-5.63441 E149.0116
G1 F1500 X23.0274 Y-5.32198 E149.0475
G1 F1500 X23.855 Y-4.97528 E149.0834
G1 F1500 X24.6676 Y-4.5949 E149.1193
G1 F1500 X25.4639 Y-4.18147 E149.1552
G1 F1500 X26.2426 Y-3.7357 E149.1911
G1 F1500 X27.0023 Y-3.25834 E149.2270
G1 F1500 X27.7418 Y-2.75019 E149.2629
G1 F1500 X28.4598 Y-2.21211 E149.2987
G1 F1500 X29.1551 Y-1.64501 E149.3346
G1 F1500 X29.8265 Y-1.04984 E149.3705
G1 F1500 X30.4729 Y-0.427606 E149.4064
G1 F1500 X31.0933 Y0.220642 E149.4423
G1 F1500 X31.6865 Y0.893812 E149.4782
G1 F1500 X32.2515 Y1.59077 E149.5141
G1 F1500 X32.7875 Y2.31034 E149.5500
G1 F1500 X33.2935 Y3.0513 E149.5859
G1 F1500 X33.7686 Y3.81241 E149.6218
G1 F1500 X34.2121 Y4.59239 E149.6576
G1 F1500 X34.6232 Y5.38992 E149.6935
G1 F1500 X35.0012 Y6.20365 E149.7294
G1 F1500 X35.3454 Y7.03222 E149.7653
G1 F1500 X35.6554 Y7.87422 E149.8012
G1 F1500 X35.9305 Y8.72823 E149.8371
G1 F1500 X36.1704 Y9.59282 E149.8730
G1 F1500 X36.3745 Y10.4665 E149.9089
G1 F1500 X36.5426 Y11.3479 E149.9448
G1 F1500 X36.6744 Y12.2354 E149.9806
G1 F1500 X36.7696 Y13.1276 E150.0165
G1 F1500 X36.8281 Y14.0229 E150.0524
G1 F1500 X36.8499 Y14.9199 E150.0883
G1 F1500 X36.8347 Y15.817 E150.1242
G0 F6000 X37.9839 Y15.86 Z0.4
G1 F1500 X37.9329 Y16.7561 E150.1601
G1 F1500 X37.8469 Y17.6495 E150.1960
G1 F1500 X37.7261 Y18.5389 E150.2319
G1 F1500 X37.5707 Y19.4229 E150.2678
G1 F1500 X37.381 Y20.3001 E150.3037
G1 F1500 X37.1572 Y21.1693 E150.3396
G1 F1500 X36.8996 Y22.0291 E150.3755
G1 F1500 X36.6087 Y22.8782 E150.4114
G1 F1500 X36.2848 Y23.7153 E150.4473
G1 F1500 X35.9286 Y24.5391 E150.4832
G1 F1500 X35.5405 Y25.3484 E150.5191
G1 F1500 X35.1211 Y26.1419 E150.5550
G1 F1500 X34.6711 Y26.9185 E150.5909
G1 F1500 X34.1911 Y27.6769 E150.6268
G1 F1500 X33.6818 Y28.416 E150.6627
G1 F1500 X33.1442 Y29.1347 E150.6986
G1 F1500 X32.5789 Y29.8318 E150.7345
G1 F1500 X31.9868 Y30.5064 E150.7704
G1 F1500 X31.3689 Y31.1573 E150.8063
G1 F1500 X30.726 Y31.7837 E150.8422
G1 F1500 X30.0592 Y32.3845 E150.8781
G1 F1500 X29.3695 Y32.9588 E150.9140
G1 F1500 X28.6579 Y33.5057 E150.9499
G1 F1500 X27.9254 Y34.0245 E150.9858
G1 F1500 X27.1733 Y34.5143 E151.0217
G1 F1500 X26.4027 Y34.9744 E151.0576
G1 F1500 X25.6147 Y35.4041 E151.0936
G1 F1500 X24.8105 Y35.8027 E151.1295
G1 F1500 X23.9914 Y36.1697 E151.1654
G1 F1500 X23.1586 Y36.5044 E151.2013
G1 F1500 X22.3134 Y36.8063 E151.2372
G1 F1500 X21.457 Y37.075 E151.2731
G1 F1500 X20.5908 Y37.3102 E151.3090
G1 F1500 X19.7161 Y37.5113 E151.3449
G1 F1500 X18.8342 Y37.6782 E151.3808
G1 F1500 X17.9465 Y37.8105 E151.4167
G1 F1500 X17.0543 Y37.9081 E151.4526
G1 F1500 X16.1589 Y37.9708 E151.4885
G1 F1500 X15.2618 Y37.9985 E151.5244
G1 F1500 X14.3643 Y37.9912 E151.5603
G1 F1500 X13.4677 Y37.9489 E151.5962
G1 F1500 X12.5735 Y37.8716 E151.6321
G1 F1500 X11.683 Y37.7596 E151.6680
G1 F1500 X10.7976 Y37.6128 E151.7039
G1 F1500 X9.91849 Y37.4316 E151.7398
G1 F1500 X9.04716 Y37.2163 E151.7757
G1 F1500 X8.1849 Y36.9671 E151.8116
G1 F1500 X7.33302 Y36.6845 E151.8475
G1 F1500 X6.49281 Y36.3689 E151.8834
G1 F1500 X5.66556 Y36.0207 E151.9193
G1 F1500 X4.85252 Y35.6405 E151.9552
G1 F1500 X4.05494 Y35.2288 E151.9911
G1 F1500 X3.27402 Y34.7864 E152.0270
G1 F1500 X2.51097 Y34.3138 E152.0629
G1 F1500 X1.76692 Y33.8119 E152.0988
G1 F1500 X1.04304 Y33.2812 E152.1347
G1 F1500 X0.340401 Y32.7228 E152.1706
G1 F1500 X-0.33991 Y32.1373 E152.2065
G1 F1500 X-0.99686 Y31.5258 E152.2424
G1 F1500 X-1.62945 Y30.889 E152.2783
G1 F1500 X-2.23672 Y30.2281 E152.3142
G1 F1500 X-2.81773 Y29.544 E152.3501
G1 F1500 X-3.37162 Y28.8378 E152.3860
G1 F1500 X-3.89752 Y28.1104 E152.4219
G1 F1500 X-4.39465 Y27.3631 E152.4578
G1 F1500 X-4.86225 Y26.597 E152.4937
G1 F1500 X-5.29959 Y25.8133 E152.5296
G1 F1500 X-5.70603 Y25.013 E152.5655
G1 F1500 X-6.08093 Y24.1975 E152.6014
G1 F1500 X-6.42373 Y23.368 E152.6373
G1 F1500 X-6.73391 Y22.5258 E152.6732
G1 F1500 X-7.01098 Y21.6721 E152.7091
G1 F1500 X-7.25454 Y20.8082 E152.7450
G1 F1500 X-7.46421 Y19.9355 E152.7809
G1 F1500 X-7.63967 Y19.0553 E152.8168
G1 F1500 X-7.78065 Y18.1689 E152.8527
G1 F1500 X-7.88695 Y17.2777 E152.8886
G1 F1500 X-7.95838 Y16.383 E152.9245
G1 F1500 X-7.99486 Y15.4862 E152.9604
G1 F1500 X-7.99632 Y14.5886 E152.9963
G1 F1500 X-7.96276 Y13.6917 E153.0322
G1 F1500 X-7.89423 Y12.7968 E153.0681
G1 F1500 X-7.79084 Y11.9052 E153.1040
G1 F1500 X-7.65274 Y11.0184 E153.1399
G1 F1500 X-7.48014 Y10.1376 E153.1758
G1 F1500 X-7.27331 Y9.2642 E153.2117
G1 F1500 X-7.03257 Y8.39954 E153.2476
G1 F1500 X-6.75827 Y7.54495 E153.2836
G1 F1500 X-6.45083 Y6.7017 E153.3195
G1 F1500 X-6.11073 Y5.87109 E153.3554
G1 F1500 X-5.73848 Y5.05438 E153.3913
G1 F1500 X-5.33465 Y4.25282 E153.4272
G1 F1500 X-4.89986 Y3.46763 E153.4631
G1 F1500 X-4.43476 Y2.69999 E153.4990
G1 F1500 X-3.94006 Y1.95109 E153.5349
G1 F1500 X-3.41652 Y1.22206 E153.5708
G1 F1500 X-2.86494 Y0.514008 E153.6067
G1 F1500 X-2.28615 Y-0.171982 E153.6426
G1 F1500 X-1.68104 Y-0.834868 E153.6785
G1 F1500 X-1.05052 Y-1.47364 E153.7144
G1 F1500 X-0.395562 Y-2.08732 E153.7503
G1 F1500 X0.282841 Y-2.67499 E153.7862
G1 F1500 X0.983656 Y-3.23574 E153.8221
G1 F1500 X1.70582 Y-3.76871 E153.8580
G1 F1500 X2.44822 Y-4.27311 E153.8939
G1 F1500 X3.20974 Y-4.74816 E153.9298
G1 F1500 X3.98921 Y-5.19313 E153.9657
G1 F1500 X4.78545 Y-5.60735 E154.0016
G1 F1500 X5.59725 Y-5.99019 E154.0375
G1 F1500 X6.42336 Y-6.34107 E154.0734
G1 F1500 X7.26254 Y-6.65945 E154.1093
G1 F1500 X8.1135 Y-6.94484 E154.1452
G1 F1500 X8.97494 Y-7.19682 E154.1811
G1 F1500 X9.84556 Y-7.41499 E154.2170
G1 F1500 X10.724 Y-7.59903 E154.2529
G1 F1500 X11.609 Y-7.74865 E154.2888
G1 F1500 X12.4992 Y-7.86363 E154.3247
G1 F1500 X13.3931 Y-7.9438 E154.3606
G1 F1500 X14.2895 Y-7.98902 E154.3965
G1 F1500 X15.187 Y-7.99924 E154.4324
G1 F1500 X16.0842 Y-7.97443 E154.4683
G1 F1500 X16.9797 Y-7.91464 E154.5042
G1 F1500 X17.8723 Y-7.81995 E154.5401
G1 F1500 X18.7604 Y-7.69051 E154.5760
G1 F1500 X19.6429 Y-7.52651 E154.6119
G1 F1500 X20.5182 Y-7.32821 E154.6478
G1 F1500 X21.3852 Y-7.09591 E154.6837
G1 F1500 X22.2424 Y-6.82997 E154.7196
G1 F1500 X23.0886 Y-6.53077 E154.7555
G1 F1500 X23.9225 Y-6.19879 E154.7914
G1 F1500 X24.7428 Y-5.83453 E154.8273
G1 F1500 X25.5483 Y-5.43854 E154.8632
G1 F1500 X26.3377 Y-5.01142 E154.8991
G1 F1500 X27.1098 Y-4.55384 E154.9350
G1 F1500 X27.8635 Y-4.06647 E154.9709
G1 F1500 X28.5976 Y-3.55007 E155.0068
G1 F1500 X29.311 Y-3.00542 E155.0427
G1 F1500 X30.0026 Y-2.43335 E155.0786
G1 F1500 X30.6714 Y-1.83473 E155.1145
G1 F1500 X31.3163 Y-1.21048 E155.1504
G1 F1500 X31.9363 Y-0.561539 E155.1863
G1 F1500 X32.5306 Y0.111098 E155.2222
G1 F1500 X33.0981 Y0.806409 E155.2581
G1 F1500 X33.6381 Y1.52333 E155.2940
G1 F1500 X34.1497 Y2.26078 E155.3299
G1 F1500 X34.6322 Y3.01763 E155.3658
G1 F1500 X35.0847 Y3.79272 E155.4017
G1 F1500 X35.5067 Y4.58489 E155.4376
G1 F1500 X35.8975 Y5.39291 E155.4736
G1 F1500 X36.2564 Y6.21556 E155.5095
G1 F1500 X36.5829 Y7.05159 E155.5454
G1 F1500 X36.8766 Y7.89972 E155.5813
G1 F1500 X37.137 Y8.75867 E155.6172
G1 F1500 X37.3636 Y9.62712 E155.6531
G1 F1500 X37.5562 Y10.5038 E155.6890
G1 F1500 X37.7145 Y11.3872 E155.7249
G1 F1500 X37.8381 Y12.2762 E155.7608
G1 F1500 X37.927 Y13.1693 E155.7967
G1 F1500 X37.981 Y14.0653 E155.8326
G1 F1500 X38 Y14.9626 E155.8685
G1 F1500 X37.9839 Y15.86 E155.9044

G0 F6000 Z5
G92 E0
